index,time,x_b,y_b,z_b,th_z,th_y,th_x,x0,y0,z0,fx0,fy0,fz0,x1,y1,z1,fx1,fy1,fz1,x2,y2,z2,fx2,fy2,fz2,x3,y3,z3,fx3,fy3,fz3
1,0,0,0,0.5,0,0,0,0.34,-0.19,0,8.69653,10.0393,119.625,0.34,0.19,0,0,0,0,-0.34,-0.19,0,0,0,0,-0.34,0.19,0,1.23978,-3.94243,126.751
2,0.0405028,0.000238361,9.62299e-05,0.498267,0.00260085,-0.000871728,0.00291512,0.34,-0.19,0,7.15268,6.56694,101.253,0.343706,0.194891,0.0647126,0,0,0,-0.324737,-0.197032,0.0637136,0,0,0,-0.34,0.19,0,-0.503955,-8.05355,108.418
3,0.0810056,0.000833162,0.00010716,0.491721,0.0105481,-0.00245288,0.00689155,0.34,-0.19,0,5.50399,2.84087,81.464,0.33191,0.190819,0.122134,0,0,0,-0.365472,-0.174825,0.117766,0,0,0,-0.34,0.19,0,-2.37556,-12.4821,88.6608
4,0.121508,0.00178509,-0.000353552,0.480133,0.0237542,-0.00390544,0.00618048,0.34,-0.19,0,12.0875,-0.420234,159.994,0.33862,0.200001,0.0995954,0,0,0,-0.336156,-0.193761,0.0955057,0,0,0,-0.34,0.19,0,8.48634,-12.0058,179.438
5,0.162011,0.00388809,-0.00149078,0.471176,0.0407423,-0.0076137,0.00156433,0.34,-0.19,0,20.4012,-4.56509,260.243,0.355476,0.215308,0.0393274,0,0,0,-0.269529,-0.233881,0.037667,0,0,0,-0.34,0.19,0,22.2489,-11.3617,295.116
6,0.202514,0.00794273,-0.00339895,0.472184,0.0596335,-0.015604,-0.00404372,0.34,-0.19,0,12.3955,-2.80667,158.727,0.364704,0.223378,0.00618563,0,0,0,-0.233333,-0.255547,0.00592448,0,0,0,-0.34,0.19,0,13.5798,-6.84043,179.885
7,0.243017,0.0133222,-0.00579994,0.474364,0.0794561,-0.0258698,-0.00928639,0.34,-0.19,0,0.408033,-0.0925034,5.23216,0.366421,0.224879,1.96124e-05,0,0,0,-0.226598,-0.259578,1.88175e-05,0,0,0,-0.34,0.19,0,0.447186,-0.225053,5.92817
8,0.28352,0.0197002,-0.0081158,0.466541,0.100961,-0.040423,-0.0194318,0.345785,-0.19129,0.00700219,0,0,0,0.366427,0.224884,-6.02139e-08,21.9804,8.09266,106.037,-0.226577,-0.259591,-2.44132e-08,59.7321,12.2955,188.265,-0.336607,0.184974,0.00225488,0,0,0
9,0.324022,0.030169,-0.00930665,0.457876,0.130867,-0.0756978,-0.0565738,0.401625,-0.203524,0.074481,0,0,0,0.366427,0.224884,-6.02139e-08,33.8214,16.702,183.942,-0.226577,-0.259591,-2.44132e-08,93.6332,27.239,324.746,-0.303811,0.136649,0.0239175,0,0,0
10,0.364525,0.0454239,-0.00774326,0.456783,0.169864,-0.129261,-0.116424,0.508397,-0.207469,0.193785,0,0,0,0.366427,0.224884,-6.02139e-08,-20.7032,36.0515,116.902,-0.226577,-0.259591,-2.44132e-08,-38.2966,74.2477,187.014,-0.237498,0.0612622,0.0562123,0,0,0
11,0.405028,0.0593391,-0.00111302,0.45871,0.199805,-0.162082,-0.134395,0.572622,-0.140482,0.230871,0,0,0,0.366427,0.224884,-6.02139e-08,-11.7435,24.1296,167.072,-0.226577,-0.259591,-2.44132e-08,-28.7827,54.498,235.242,-0.184744,0.0766044,0.043088,0,0,0
12,0.445531,0.0712605,0.00964588,0.466324,0.217531,-0.167563,-0.12199,0.588602,-0.059576,0.207982,0,0,0,0.366427,0.224884,-6.02139e-08,3.74766,8.31771,220.349,-0.226577,-0.259591,-2.44132e-08,-4.47928,26.2492,289.911,-0.159705,0.136629,0.00967571,0,0,0
13,0.486034,0.0827906,0.0223956,0.480418,0.229574,-0.153511,-0.116992,0.591477,-0.0375586,0.200135,0,0,0,0.366427,0.224884,-6.02139e-08,0.504068,1.10829,29.4544,-0.226577,-0.259591,-2.44132e-08,-0.594219,3.50259,38.7321,-0.153815,0.153956,0.000163098,0,0,0
14,0.526536,0.0947806,0.0356849,0.487083,0.240114,-0.137898,-0.11631,0.591527,-0.0371811,0.2,27.271,1.95093,72.1346,0.369418,0.226112,0.00405685,0,0,0,-0.223306,-0.259164,0.00207008,0,0,0,-0.153714,0.154253,-1.56547e-08,25.0068,5.08037,108.925
15,0.567039,0.109835,0.0494271,0.488939,0.249428,-0.149782,-0.110782,0.591527,-0.0371811,0.2,69.3752,4.87122,184.11,0.414617,0.244678,0.0653436,0,0,0,-0.173885,-0.252704,0.0333361,0,0,0,-0.153714,0.154253,-1.56547e-08,62.5879,12.7821,278.952
16,0.607542,0.129921,0.0637917,0.495479,0.257802,-0.204014,-0.0968942,0.591527,-0.0371811,0.2,17.1094,-4.05184,96.626,0.520355,0.297345,0.203146,0,0,0,-0.0534432,-0.230856,0.0972925,0,0,0,-0.153714,0.154253,-1.56547e-08,-37.4588,-4.3403,181.879
17,0.648045,0.150093,0.0777793,0.502792,0.267448,-0.251781,-0.0700767,0.591527,-0.0371811,0.2,11.8684,-12.3637,103.511,0.582687,0.373413,0.257211,0,0,0,0.0410994,-0.185125,0.0901912,0,0,0,-0.153714,0.154253,-1.56547e-08,-52.8009,-13.6598,195.958
18,0.688547,0.168566,0.090293,0.511292,0.279903,-0.269814,-0.0415939,0.591527,-0.0371811,0.2,28.2616,-26.1744,166.415,0.583318,0.438907,0.218699,0,0,0,0.0759,-0.137433,0.0257092,0,0,0,-0.153714,0.154253,-1.56547e-08,-33.2581,-25.3391,279.957
19,0.72905,0.18648,0.1006,0.52349,0.296941,-0.260886,-0.0324157,0.591527,-0.0371811,0.2,7.40083,-6.84972,43.6673,0.580131,0.460193,0.200741,0,0,0,0.0842298,-0.121401,0.00101858,0,0,0,-0.153714,0.154253,-1.56547e-08,-8.70686,-6.63532,73.3763
20,0.769553,0.204362,0.110078,0.528709,0.316046,-0.242088,-0.0324863,0.592547,-0.0361879,0.20068,0,0,0,0.579999,0.461071,0.2,6.25704,8.22036,40.8594,0.0845734,-0.12074,-2.75716e-08,0.445202,5.04573,58.6861,-0.152673,0.154844,0.000847952,0,0,0
21,0.810056,0.222732,0.120423,0.526294,0.335103,-0.234941,-0.0279151,0.621087,-0.0084037,0.219717,0,0,0,0.579999,0.461071,0.2,26.8084,35.2451,174.783,0.0845734,-0.12074,-2.75716e-08,1.89959,21.6231,251.252,-0.12353,0.171364,0.0245697,0,0,0
22,0.850559,0.241978,0.133161,0.526718,0.352959,-0.254094,-0.0120118,0.708907,0.0786667,0.272489,0,0,0,0.579999,0.461071,0.2,7.68847,21.3866,116.212,0.0845734,-0.12074,-2.75716e-08,-31.6715,4.13794,186.532,-0.0348933,0.222691,0.090331,0,0,0
23,0.891061,0.260226,0.147437,0.528206,0.367342,-0.273602,0.00601076,0.787876,0.167468,0.281218,0,0,0,0.579999,0.461071,0.2,1.88757,15.8922,99.7468,0.0845734,-0.12074,-2.75716e-08,-45.6613,-3.68938,172.177,0.0378845,0.272133,0.10121,0,0,0
24,0.931564,0.276616,0.162622,0.530009,0.376978,-0.275973,0.0150863,0.815905,0.213968,0.229099,0,0,0,0.579999,0.461071,0.2,21.9733,24.4395,167.803,0.0845734,-0.12074,-2.75716e-08,-29.6563,2.27373,267.496,0.0538398,0.29437,0.0362617,0,0,0
25,0.972067,0.292312,0.178979,0.535479,0.382916,-0.264849,0.00436983,0.822313,0.228722,0.201984,0,0,0,0.579999,0.461071,0.2,9.50832,10.3879,71.5965,0.0845734,-0.12074,-2.75716e-08,-12.2538,1.03664,113.838,0.0547683,0.300743,0.00247218,0,0,0
26,1.01257,0.307889,0.195987,0.535908,0.387132,-0.246712,-0.0187279,0.822779,0.229798,0.2,5.05005,1.35765,20.7038,0.580246,0.461262,0.200169,0,0,0,0.0848546,-0.120587,0.000230615,0,0,0,0.054834,0.301208,-2.53403e-08,0.388805,-1.40216,32.0349
27,1.05307,0.324074,0.213092,0.528038,0.391911,-0.236156,-0.0376975,0.822779,0.229798,0.2,45.1289,12.1249,184.71,0.598575,0.475436,0.212753,0,0,0,0.105742,-0.109258,0.0173605,0,0,0,0.054834,0.301208,-2.53403e-08,3.46691,-12.5318,286.022
28,1.09358,0.342199,0.230022,0.524887,0.400681,-0.25039,-0.0386058,0.822779,0.229798,0.2,31.2552,1.2739,144.374,0.670178,0.533016,0.25966,0,0,0,0.188956,-0.0637366,0.081216,0,0,0,0.054834,0.301208,-2.53403e-08,-15.2082,-19.1105,235.76
29,1.13408,0.361176,0.245988,0.525938,0.41413,-0.270779,-0.0278943,0.822779,0.229798,0.2,15.2858,-10.9693,95.4117,0.737603,0.609738,0.280863,0,0,0,0.283804,-0.00798846,0.110081,0,0,0,0.054834,0.301208,-2.53403e-08,-33.1677,-24.5763,171.371
30,1.17458,0.379813,0.26019,0.527497,0.431005,-0.276565,-0.0151142,0.822779,0.229798,0.2,32.5687,-16.9536,149.791,0.746102,0.666122,0.23586,0,0,0,0.329992,0.0257824,0.0488171,0,0,0,0.054834,0.301208,-2.53403e-08,-15.0403,-19.1608,249.999
31,1.21508,0.399036,0.272584,0.531938,0.449439,-0.268094,-0.00772606,0.822779,0.229798,0.2,20.4804,-10.4128,92.3697,0.740665,0.689837,0.203631,0,0,0,0.344257,0.0384065,0.00494344,0,0,0,0.054834,0.301208,-2.53403e-08,-7.41242,-10.8292,153.079
32,1.25559,0.418889,0.283901,0.532809,0.468707,-0.249623,-0.00521468,0.8228,0.229823,0.200014,0,0,0,0.740026,0.692471,0.2,0.50397,0.923495,4.78481,0.345821,0.0398023,-2.94158e-08,-0.264662,0.279403,6.98411,0.0548572,0.301224,1.86444e-05,0,0,0
33,1.29609,0.438948,0.295468,0.524105,0.487818,-0.235198,-0.00196448,0.834609,0.243424,0.207761,0,0,0,0.740026,0.692471,0.2,18.5421,33.9943,175.854,0.345821,0.0398023,-2.94158e-08,-9.74719,10.2788,256.849,0.0678403,0.310338,0.0104833,0,0,0
34,1.33659,0.459262,0.30894,0.518836,0.505668,-0.244364,0.00641883,0.896641,0.3147,0.247039,0,0,0,0.740026,0.692471,0.2,14.2145,31.6587,171.744,0.345821,0.0398023,-2.94158e-08,-21.1481,2.07799,258.429,0.135733,0.357472,0.0635342,0,0,0
35,1.37709,0.479026,0.32397,0.519061,0.521396,-0.26392,0.0143389,0.982333,0.410223,0.27729,0,0,0,0.740026,0.692471,0.2,-2.17031,12.7944,92.1718,0.345821,0.0398023,-2.94158e-08,-40.0289,-18.7088,156.367,0.224332,0.410098,0.104394,0,0,0
36,1.4176,0.497,0.339258,0.52054,0.534644,-0.269207,0.0128502,1.03049,0.457489,0.241857,0,0,0,0.740026,0.692471,0.2,8.76584,29.6023,204.168,0.345821,0.0398023,-2.94158e-08,-32.3191,-10.9585,301.684,0.26279,0.412402,0.0565354,0,0,0
37,1.4581,0.513629,0.355341,0.530289,0.54616,-0.258786,-0.00261867,1.0472,0.470985,0.205831,0,0,0,0.740026,0.692471,0.2,9.12293,26.018,179.188,0.345821,0.0398023,-2.94158e-08,-22.246,-6.33177,259.585,0.271006,0.400859,0.00787622,0,0,0
38,1.4986,0.529575,0.372299,0.544273,0.556521,-0.234986,-0.0304621,1.04971,0.472958,0.2,0,0,0,0.740026,0.692471,0.2,0.0180583,0.0514747,0.354965,0.345821,0.0398023,-2.94158e-08,-0.0440033,-0.012524,0.513948,0.272147,0.398905,2.34883e-07,0,0,0
39,1.53911,0.545783,0.389339,0.548626,0.567976,-0.21113,-0.0633038,1.04971,0.472958,0.2,29.5018,12.589,102.985,0.748332,0.695556,0.204257,0,0,0,0.358546,0.0406124,0.011032,0,0,0,0.272147,0.398905,-5.68311e-08,12.866,-23.2743,173.806
40,1.57961,0.56395,0.40596,0.550245,0.587818,-0.200661,-0.108892,1.04971,0.472958,0.2,38.4755,17.5501,139.542,0.807851,0.718178,0.234491,0,0,0,0.449822,0.0468542,0.0900576,0,0,0,0.272147,0.398905,-5.68311e-08,10.0282,-21.4675,238.817
41,1.62011,0.584154,0.422766,0.554255,0.615365,-0.201217,-0.155757,1.04971,0.472958,0.2,18.361,13.932,92.8075,0.894942,0.76957,0.268907,0,0,0,0.586526,0.0715852,0.204664,0,0,0,0.272147,0.398905,-5.68311e-08,-28.0081,33.0129,173.551
42,1.66061,0.604666,0.441379,0.559106,0.636757,-0.200507,-0.163769,1.04971,0.472958,0.2,39.56,-1.85526,161.264,0.915072,0.840214,0.245307,0,0,0,0.628226,0.127414,0.227854,0,0,0,0.272147,0.398905,-5.68311e-08,-15.31,19.0327,279.135
43,1.70112,0.626335,0.461007,0.570488,0.649023,-0.189608,-0.150063,1.04971,0.472958,0.2,47.1504,-10.7105,182.22,0.900646,0.889975,0.208315,0,0,0,0.615602,0.17301,0.205599,0,0,0,0.272147,0.398905,-5.68311e-08,-5.64674,7.9357,307.092
44,1.74162,0.649736,0.480688,0.587571,0.655278,-0.162865,-0.137125,1.04971,0.472958,0.2,2.63544,-0.599588,10.2018,0.896954,0.900487,0.200042,0,0,0,0.611989,0.182784,0.200028,0,0,0,0.272147,0.398905,-5.68311e-08,-0.31548,0.442817,17.1789
45,1.78212,0.673343,0.500334,0.59594,0.660738,-0.132706,-0.124862,1.05275,0.476104,0.203624,0,0,0,0.896936,0.90054,0.2,-16.0726,0.866376,107.872,0.611971,0.182833,0.2,-11.695,-1.33225,114.258,0.275753,0.400479,0.00671134,0,0,0
46,1.82263,0.695514,0.519965,0.600158,0.668472,-0.108291,-0.10948,1.08461,0.509113,0.241426,0,0,0,0.896936,0.90054,0.2,-29.454,2.13401,200.933,0.611971,0.182833,0.2,-21.6247,-1.78019,211.83,0.313502,0.417032,0.0768611,0,0,0
47,1.86313,0.715379,0.539737,0.607401,0.679191,-0.0891079,-0.0879264,1.14983,0.586022,0.301537,0,0,0,0.896936,0.90054,0.2,-12.6619,7.54102,129.627,0.611971,0.182833,0.2,-11.7377,7.28933,124.477,0.38954,0.459877,0.205762,0,0,0
48,1.90363,0.733757,0.56007,0.61439,0.690608,-0.0741445,-0.0584976,1.19622,0.675033,0.280856,0,0,0,0.896936,0.90054,0.2,-5.57492,-0.103645,170.774,0.611971,0.182833,0.2,-11.271,2.67704,162.381,0.439082,0.523273,0.243463,0,0,0
49,1.94413,0.751215,0.580495,0.623541,0.700169,-0.0578014,-0.0344758,1.21352,0.73747,0.219062,0,0,0,0.896936,0.90054,0.2,1.07157,-10.3816,227.159,0.611971,0.182833,0.2,-11.7085,-4.43219,217.256,0.453684,0.574977,0.211497,0,0,0
50,1.98464,0.768124,0.60039,0.636196,0.706548,-0.0325182,-0.0296785,1.2174,0.754075,0.200396,0,0,0,0.896936,0.90054,0.2,0.168207,-1.62402,35.5741,0.611971,0.182833,0.2,-1.83085,-0.693428,34.0249,0.456616,0.58907,0.200239,0,0,0
51,2.02514,0.784948,0.620153,0.640595,0.711806,-0.00495731,-0.031581,1.21748,0.754428,0.2,3.70402,5.04013,72.5669,0.897458,0.901999,0.201477,0,0,0,0.61286,0.184023,0.201511,0,0,0,0.456678,0.589369,0.2,4.12924,4.4362,76.7551
52,2.06564,0.802236,0.640475,0.638658,0.717291,0.00994,-0.0296076,1.21748,0.754428,0.2,10.3945,14.1323,203.43,0.906228,0.92651,0.226281,0,0,0,0.627791,0.204015,0.226888,0,0,0,0.456678,0.589369,0.2,11.5811,12.4532,215.153
53,2.10615,0.820493,0.661971,0.63946,0.723389,0.00281351,-0.020395,1.21748,0.754428,0.2,6.04585,6.92371,134.041,0.934702,0.995301,0.280254,0,0,0,0.672388,0.26161,0.282107,0,0,0,0.456678,0.589369,0.2,6.10557,7.81646,137.761
54,2.14665,0.839396,0.684236,0.640335,0.729319,-0.0154485,-0.00894158,1.21748,0.754428,0.2,1.11788,-1.19444,144.323,0.988172,1.08211,0.27727,0,0,0,0.7409,0.341048,0.279055,0,0,0,0.456678,0.589369,0.2,0.0426875,1.27739,148.642
55,2.18715,0.858267,0.706372,0.642195,0.734322,-0.0277231,-0.00143025,1.21748,0.754428,0.2,-8.54186,-17.0896,222.383,1.04264,1.14977,0.223077,0,0,0,0.80322,0.407887,0.22361,0,0,0,0.456678,0.589369,0.2,-11.7487,-12.3975,234.122
56,2.22765,0.876365,0.727371,0.648206,0.738004,-0.0154061,-0.00337289,1.21748,0.754428,0.2,-2.49455,-4.99088,65.0191,1.06165,1.17213,0.201037,0,0,0,0.824522,0.430364,0.201061,0,0,0,0.456678,0.589369,0.2,-3.43095,-3.62157,68.4429
57,2.26816,0.8941,0.747832,0.647929,0.74111,0.00939429,-0.00976547,1.21791,0.75502,0.200569,0,0,0,1.06255,1.17318,0.2,1.34558,2.29375,51.6307,0.825524,0.431422,0.2,2.18256,1.83233,48.9318,0.457127,0.589855,0.200551,0,0,0
58,2.30866,0.912063,0.768544,0.640749,0.744577,0.0243444,-0.0133548,1.23197,0.774404,0.219183,0,0,0,1.06255,1.17318,0.2,6.52142,11.1189,249.997,0.825524,0.431422,0.2,10.579,8.88349,236.909,0.471827,0.605767,0.218566,0,0,0
59,2.34916,0.93072,0.790065,0.638924,0.749267,0.0132973,-0.00942345,1.28042,0.840786,0.273939,0,0,0,1.06255,1.17318,0.2,2.00585,3.19022,171.896,0.825524,0.431422,0.2,3.38301,2.66775,166.293,0.522473,0.660645,0.27156,0,0,0
60,2.38966,0.949679,0.811924,0.64,0.754462,-0.00930751,-0.00265534,1.34731,0.929541,0.286049,0,0,0,1.06255,1.17318,0.2,-2.12056,-3.21512,137.052,0.825524,0.431422,0.2,-2.93788,-2.593,136.766,0.592266,0.736656,0.28328,0,0,0
61,2.43017,0.968279,0.833408,0.641723,0.759216,-0.0249897,0.00191745,1.40401,1.00183,0.232216,0,0,0,1.06255,1.17318,0.2,-10.4602,-12.8795,212.286,0.825524,0.431422,0.2,-14.7066,-11.5623,216.681,0.651279,0.801316,0.231179,0,0,0
62,2.47067,0.985822,0.853857,0.647015,0.762757,-0.0167619,0.00109223,1.42677,1.03047,0.202398,0,0,0,1.06255,1.17318,0.2,-4.92104,-6.04536,98.0279,0.825524,0.431422,0.2,-6.91986,-5.43358,100.117,0.674946,0.827298,0.202321,0,0,0
63,2.51117,1.00273,0.873696,0.647594,0.765521,0.00817763,-0.00325421,1.4286,1.03277,0.2,0.92958,1.33061,22.523,1.06264,1.1733,0.200128,0,0,0,0.825638,0.431543,0.200129,0,0,0,0.676845,0.829382,0.2,0.976315,1.13739,22.1568
64,2.55168,1.01979,0.893762,0.639841,0.768312,0.0274111,-0.00664453,1.4286,1.03277,0.2,10.134,14.5051,245.305,1.07187,1.18567,0.212625,0,0,0,0.83679,0.443362,0.212735,0,0,0,0.676845,0.829382,0.2,10.6439,12.3992,241.314
65,2.59218,1.03771,0.914947,0.637483,0.77174,0.0196293,-0.00542421,1.4286,1.03277,0.2,5.35597,7.57849,200.697,1.11201,1.23929,0.262092,0,0,0,0.885055,0.494658,0.26263,0,0,0,0.676845,0.829382,0.2,5.62764,6.81044,199.06
66,2.63268,1.05618,0.936856,0.640084,0.775442,-0.00356057,-0.00176143,1.4286,1.03277,0.2,-1.63222,-2.5323,127.46,1.17479,1.32117,0.287446,0,0,0,0.957871,0.573559,0.288205,0,0,0,0.676845,0.829382,0.2,-1.74967,-1.46133,129.194
67,2.67318,1.07444,0.958518,0.642754,0.778787,-0.0222504,0.00117622,1.4286,1.03277,0.2,-9.59233,-14.1162,182.809,1.2337,1.39528,0.240395,0,0,0,1.02253,0.64576,0.240746,0,0,0,0.676845,0.829382,0.2,-10.8806,-11.6539,189.133
68,2.71369,1.09181,0.979055,0.647188,0.781408,-0.0189221,0.000751216,1.4286,1.03277,0.2,-6.74655,-9.91562,119.05,1.26204,1.43043,0.204381,0,0,0,1.05295,0.680155,0.204419,0,0,0,0.676845,0.829382,0.2,-7.66323,-8.24969,123.428
69,2.75419,1.10848,0.99871,0.647651,0.783502,0.00439215,-0.00271617,1.4286,1.03277,0.200006,0,0,0,1.26544,1.43464,0.2,0.13403,0.155969,3.48547,1.0566,0.684277,0.2,0.152971,0.147896,3.41295,0.67685,0.829388,0.200006,0,0,0
70,2.79469,1.12519,1.01838,0.63831,0.78554,0.0258415,-0.00582456,1.43508,1.04103,0.207561,0,0,0,1.26544,1.43464,0.2,8.35504,9.72328,217.075,1.0566,0.684277,0.2,9.536,9.22073,212.55,0.683564,0.836708,0.207522,0,0,0
71,2.8352,1.14269,1.03889,0.632366,0.78791,0.0223221,-0.00496161,1.47183,1.08781,0.248411,0,0,0,1.26544,1.43464,0.2,7.27683,8.46369,223.605,1.0566,0.684277,0.2,8.24839,8.11778,219.612,0.721619,0.878263,0.248161,0,0,0
72,2.8757,1.1609,1.06016,0.632199,0.79055,-0.000314289,-0.00115135,1.53629,1.16915,0.282692,0,0,0,1.26544,1.43464,0.2,-0.057856,-0.08939,115.519,1.0566,0.684277,0.2,-0.258678,0.214707,115.402,0.788049,0.952108,0.282265,0,0,0
73,2.9162,1.17908,1.08144,0.632323,0.793035,-0.0227308,0.00263264,1.60034,1.24868,0.246564,0,0,0,1.26544,1.43464,0.2,-7.51841,-8.77038,226.362,1.0566,0.684277,0.2,-9.39791,-8.17259,229.754,0.853484,1.0273,0.246324,0,0,0
74,2.9567,1.1965,1.10194,0.638589,0.794929,-0.0255038,0.00349629,1.63591,1.29249,0.206874,0,0,0,1.26544,1.43464,0.2,-7.94935,-9.26441,207.456,1.0566,0.684277,0.2,-9.88376,-8.71991,211.077,0.889662,1.06957,0.206838,0,0,0
75,2.99721,1.21312,1.12165,0.647935,0.796237,-0.00372934,0.000777518,1.64183,1.29977,0.200002,0,0,0,1.26544,1.43464,0.2,-0.0596341,-0.0694937,1.55779,1.0566,0.684277,0.2,-0.0741465,-0.0654145,1.58494,0.895675,1.0766,0.200002,0,0,0
76,3.03771,1.22971,1.14136,0.647319,0.797447,0.0193775,-0.00216969,1.64183,1.29977,0.2,7.31237,10.2488,128.105,1.26914,1.43936,0.204917,0,0,0,1.06072,0.688912,0.204912,0,0,0,0.895677,1.07661,0.2,7.00757,9.40328,122.876
77,3.07821,1.24698,1.16201,0.642927,0.798929,0.0219075,-0.00245089,1.64183,1.29977,0.2,9.58978,13.4058,185.216,1.298,1.47609,0.242451,0,0,0,1.09277,0.724968,0.242403,0,0,0,0.895677,1.07661,0.2,9.20203,12.4185,178.16
78,3.11872,1.26507,1.1838,0.640059,0.800665,0.0027874,-0.000191107,1.64183,1.29977,0.2,1.25451,1.54827,128.927,1.35735,1.55086,0.288263,0,0,0,1.15746,0.798535,0.288163,0,0,0,0.895677,1.07661,0.2,1.27213,2.14829,126.841
79,3.15922,1.28332,1.20583,0.637266,0.802251,-0.0202881,0.00226515,1.64183,1.29977,0.2,-6.20776,-8.02682,205.611,1.4229,1.63154,0.260311,0,0,0,1.22579,0.878315,0.260243,0,0,0,0.895677,1.07661,0.2,-6.45681,-6.88081,206.847
80,3.19972,1.30093,1.22712,0.639826,0.80348,-0.0272681,0.00272062,1.64183,1.29977,0.2,-10.4311,-13.4123,238.713,1.46518,1.68283,0.211656,0,0,0,1.26864,0.929191,0.211643,0,0,0,0.895677,1.07661,0.2,-10.846,-12.0511,241.95
81,3.24022,1.31766,1.24734,0.647596,0.804356,-0.0074687,-1.20886e-05,1.64183,1.29977,0.2,-0.76165,-0.979313,17.4469,1.47447,1.69407,0.200086,0,0,0,1.27802,0.940349,0.200086,0,0,0,0.895677,1.07661,0.2,-0.791971,-0.879966,17.6831
82,3.28073,1.33424,1.26738,0.64673,0.805101,0.0171441,-0.00325887,1.64394,1.30239,0.202676,0,0,0,1.47454,1.69415,0.2,6.06275,6.21967,106.278,1.27809,0.940432,0.2,6.09748,5.89791,102.253,0.897826,1.07909,0.202676,0,0,0
83,3.32123,1.35147,1.28804,0.641339,0.80581,0.0240557,-0.00407842,1.66801,1.33229,0.233093,0,0,0,1.47454,1.69415,0.2,11.8144,12.1175,212.918,1.27809,0.940432,0.2,11.8856,11.5123,205.018,0.922349,1.10738,0.233094,0,0,0
84,3.36173,1.36969,1.30971,0.639166,0.806524,0.00702733,-0.0016415,1.72602,1.40392,0.284646,0,0,0,1.47454,1.69415,0.2,1.95086,1.93183,135.246,1.27809,0.940432,0.2,2.00692,2.17075,133.084,0.981239,1.17587,0.284648,0,0,0
85,3.40223,1.38818,1.33164,0.63744,0.807188,-0.0165267,0.00186501,1.79387,1.48639,0.270021,0,0,0,1.47454,1.69415,0.2,-4.5708,-5.07119,173.837,1.27809,0.940432,0.2,-4.89737,-4.85754,175.199,1.04948,1.25709,0.270022,0,0,0
86,3.44274,1.40614,1.35302,0.63898,0.807693,-0.0273859,0.00381597,1.84231,1.5445,0.217322,0,0,0,1.47454,1.69415,0.2,-11.9016,-13.0161,242.191,1.27809,0.940432,0.2,-12.7715,-13.0154,247.438,1.09784,1.31568,0.217322,0,0,0
87,3.48324,1.42309,1.37334,0.645963,0.80796,-0.0111675,0.00215075,1.85577,1.56062,0.200434,0,0,0,1.47454,1.69415,0.2,-2.15053,-2.35171,43.8099,1.27809,0.940432,0.2,-2.30782,-2.35176,44.7568,1.11126,1.332,0.200434,0,0,0
88,3.52374,1.43973,1.39333,0.645781,0.808106,0.0142863,-0.000802951,1.85612,1.56104,0.2,3.66946,4.63426,75.8695,1.4755,1.69534,0.201242,0,0,0,1.27909,0.941614,0.201241,0,0,0,1.11161,1.33242,0.2,3.48348,4.68304,73.7125
89,3.56425,1.45678,1.41387,0.63983,0.808214,0.0260054,-0.00227028,1.85612,1.56104,0.2,11.3302,14.3071,234.229,1.49361,1.7176,0.224597,0,0,0,1.29796,0.963857,0.224585,0,0,0,1.11161,1.33242,0.2,10.7571,14.4603,227.567
90,3.60475,1.47473,1.4356,0.638406,0.80827,0.011788,-0.00102891,1.85612,1.56104,0.2,2.79947,3.21543,149.508,1.54662,1.78242,0.278635,0,0,0,1.35266,1.02865,0.278597,0,0,0,1.11161,1.33242,0.2,2.74102,3.88864,147.946
91,3.64525,1.49304,1.45778,0.638406,0.808135,-0.0118487,0.00117514,1.85612,1.56104,0.2,-2.67693,-3.88817,147.851,1.61528,1.86477,0.278635,0,0,0,1.42101,1.11108,0.278597,0,0,0,1.11161,1.33242,0.2,-2.7073,-3.26845,149.602
92,3.68575,1.51101,1.4795,0.639829,0.807834,-0.0260472,0.002415,1.85612,1.56104,0.2,-10.772,-14.3747,227.549,1.67024,1.92944,0.224597,0,0,0,1.47378,1.17591,0.224585,0,0,0,1.11161,1.33242,0.2,-11.2316,-14.4373,234.246
93,3.72626,1.52807,1.50004,0.645779,0.807549,-0.0143106,0.000943129,1.85612,1.56104,0.2,-3.48836,-4.65532,73.7075,1.68919,1.95164,0.201242,0,0,0,1.49181,1.19817,0.201241,0,0,0,1.11161,1.33242,0.2,-3.63758,-4.67644,75.8736
94,3.76676,1.54472,1.52003,0.64596,0.807257,0.0111564,-0.00202259,1.85646,1.56145,0.200434,0,0,0,1.6902,1.95282,0.2,2.33834,2.32268,44.7796,1.49277,1.19936,0.2,2.13601,2.34037,43.7898,1.11195,1.33284,0.200434,0,0,0
95,3.80726,1.56168,1.54033,0.638977,0.80682,0.027379,-0.00370365,1.86992,1.5777,0.217318,0,0,0,1.6902,1.95282,0.2,12.9399,12.8546,247.562,1.49277,1.19936,0.2,11.8206,12.9536,242.084,1.12541,1.34901,0.217325,0,0,0
96,3.84777,1.57967,1.56169,0.637437,0.806069,0.0165098,-0.00176047,1.9184,1.63603,0.270006,0,0,0,1.6902,1.95282,0.2,4.93787,4.78789,175.209,1.49277,1.19936,0.2,4.5124,5.04686,173.854,1.17384,1.40732,0.270037,0,0,0
97,3.88827,1.59818,1.5836,0.639165,0.805119,-0.00702647,0.00176489,1.98682,1.71687,0.284628,0,0,0,1.6902,1.95282,0.2,-2.05484,-2.16991,133.029,1.49277,1.19936,0.2,-1.96014,-1.93524,135.322,1.24167,1.49001,0.284665,0,0,0
98,3.92877,1.61641,1.60524,0.64134,0.804139,-0.0240081,0.00423639,2.04583,1.78503,0.233086,0,0,0,1.6902,1.95282,0.2,-11.9355,-11.4655,205.043,1.49277,1.19936,0.2,-11.5984,-12.1609,212.837,1.29967,1.56178,0.233101,0,0,0
99,3.96927,1.63366,1.62588,0.646731,0.803244,-0.0171044,0.00341544,2.07041,1.81319,0.202676,0,0,0,1.6902,1.95282,0.2,-6.12189,-5.87385,102.269,1.49277,1.19936,0.2,-5.95063,-6.24222,106.232,1.32374,1.59173,0.202677,0,0,0
100,4.00978,1.65028,1.6459,0.647595,0.802364,0.0074555,0.000132165,2.07256,1.81566,0.2,0.790468,0.866818,17.684,1.69027,1.9529,0.200086,0,0,0,1.49283,1.19944,0.200086,0,0,0,1.32585,1.59435,0.2,0.755388,0.979995,17.4481
101,4.05028,1.66703,1.66609,0.639824,0.801348,0.0272125,-0.00262132,2.07256,1.81566,0.2,10.826,11.8709,241.961,1.6997,1.96404,0.211647,0,0,0,1.50208,1.21068,0.211652,0,0,0,1.32585,1.59435,0.2,10.346,13.4215,238.728
102,4.09078,1.68467,1.68735,0.637263,0.799926,0.0202529,-0.00211109,2.07256,1.81566,0.2,6.50835,6.75954,206.837,1.7428,2.01483,0.260263,0,0,0,1.5442,1.26198,0.260288,0,0,0,1.32585,1.59435,0.2,6.24129,8.01959,205.632
103,4.13128,1.70294,1.70933,0.640056,0.798107,-0.00278067,0.00038888,2.07256,1.81566,0.2,-1.13128,-2.15951,126.802,1.81152,2.09439,0.288193,0,0,0,1.6096,1.34259,0.28823,0,0,0,1.32585,1.59435,0.2,-1.05853,-1.57967,128.96
104,4.17179,1.72108,1.73107,0.642924,0.796153,-0.0218918,0.00258555,2.07256,1.81566,0.2,-9.24843,-12.3084,178.136,1.87656,2.16765,0.242417,0,0,0,1.66893,1.41718,0.242435,0,0,0,1.32585,1.59435,0.2,-9.55234,-13.4788,185.297
105,4.21229,1.7384,1.75168,0.64732,0.794513,-0.0193481,0.0022382,2.07256,1.81566,0.2,-7.06169,-9.31617,122.861,1.90879,2.20353,0.204913,0,0,0,1.69781,1.4538,0.204916,0,0,0,1.32585,1.59435,0.2,-7.30821,-10.3017,128.165
106,4.25279,1.75503,1.77136,0.647941,0.793189,0.0037893,-0.000751128,2.07256,1.81566,0.200002,0,0,0,1.91293,2.20815,0.2,0.0747591,0.0642215,1.58669,1.70152,1.45851,0.2,0.0591718,0.0679108,1.55659,1.32586,1.59436,0.200002,0,0,0
107,4.2933,1.77169,1.79102,0.638601,0.791768,0.0255999,-0.00351054,2.0786,1.82264,0.206838,0,0,0,1.91293,2.20815,0.2,9.96553,8.56107,211.309,1.70152,1.45851,0.2,7.88811,9.05352,207.298,1.33178,1.60163,0.206879,0,0,0
108,4.3338,1.78915,1.81146,0.632344,0.78972,0.0228729,-0.00269858,2.11491,1.86456,0.246322,0,0,0,1.91293,2.20815,0.2,9.46777,8.00589,230.003,1.70152,1.45851,0.2,7.47297,8.542,226.201,1.36741,1.64542,0.2466,0,0,0
109,4.3743,1.80739,1.83266,0.632234,0.787053,0.000510748,0.00101225,2.18058,1.93918,0.282262,0,0,0,1.91293,2.20815,0.2,0.230242,-0.278962,115.523,1.70152,1.45851,0.2,0.099815,-0.0207708,115.462,1.4316,1.72485,0.282756,0,0,0
110,4.4148,1.82564,1.85384,0.632418,0.78425,-0.0220859,0.00473695,2.24727,2.01256,0.248159,0,0,0,1.91293,2.20815,0.2,-8.37967,-8.26766,219.999,1.70152,1.45851,0.2,-7.28296,-8.65553,223.211,1.49625,1.80592,0.248448,0,0,0
111,4.45531,1.84318,1.87423,0.638379,0.781762,-0.0256549,0.00559262,2.28547,2.05388,0.207521,0,0,0,1.91293,2.20815,0.2,-9.67579,-9.37039,212.954,1.70152,1.45851,0.2,-8.37677,-9.90458,216.635,1.53313,1.85249,0.207566,0,0,0
112,4.49581,1.85992,1.89378,0.647736,0.779649,-0.00436355,0.00257428,2.29221,2.06116,0.200006,0,0,0,1.91293,2.20815,0.2,-0.155209,-0.150297,3.41944,1.70152,1.45851,0.2,-0.134381,-0.158874,3.47838,1.53964,1.86071,0.200006,0,0,0
113,4.53631,1.87662,1.91331,0.647288,0.777489,0.018789,-0.000795067,2.29222,2.06116,0.2,7.63218,8.13318,123.32,1.9166,2.21226,0.204422,0,0,0,1.70491,1.46272,0.204387,0,0,0,1.53965,1.86071,0.2,6.77912,9.82899,119.069
114,4.57682,1.89402,1.9337,0.642863,0.774796,0.0220644,-0.00120048,2.29222,2.06116,0.2,10.856,11.4595,188.946,1.94722,2.24655,0.240775,0,0,0,1.73316,1.49784,0.24045,0,0,0,1.53965,1.86071,0.2,9.67004,13.9602,182.819
115,4.61732,1.91232,1.95521,0.640192,0.771378,0.00345717,0.00155575,2.29222,2.06116,0.2,1.87955,1.22785,128.931,2.0123,2.31832,0.288268,0,0,0,1.79211,1.57163,0.287565,0,0,0,1.53965,1.86071,0.2,1.86207,2.27801,127.339
116,4.65782,1.93084,1.97694,0.637565,0.767626,-0.0195939,0.0047009,2.29222,2.06116,0.2,-5.5957,-6.59713,198.314,2.08556,2.39619,0.262675,0,0,0,1.85556,1.65242,0.262176,0,0,0,1.53965,1.86071,0.2,-5.26578,-7.58935,200.328
117,4.69832,1.94881,1.99796,0.639839,0.764218,-0.0273009,0.00546219,2.29222,2.06116,0.2,-10.6987,-11.8483,240.254,2.13411,2.44656,0.212744,0,0,0,1.89638,1.705,0.212642,0,0,0,1.53965,1.86071,0.2,-10.1688,-14.3184,244.773
118,4.73883,1.96593,2.01788,0.647439,0.761521,-0.00814164,0.00200143,2.29222,2.06116,0.2,-0.981364,-1.08687,22.0598,2.14532,2.45816,0.200129,0,0,0,1.90578,1.71712,0.200128,0,0,0,1.53965,1.86071,0.2,-0.932819,-1.31348,22.4741
119,4.77933,1.98289,2.03758,0.646681,0.758876,0.016646,-0.00235624,2.29414,2.06324,0.202324,0,0,0,2.14544,2.45828,0.2,6.8381,5.00539,100.709,1.90587,1.71724,0.2,4.92103,5.37629,96.7022,1.5415,1.863,0.202346,0,0,0
120,4.81983,2.00048,2.05783,0.641168,0.755494,0.0245361,-0.00361406,2.31806,2.0891,0.231225,0,0,0,2.14544,2.45828,0.2,14.5257,10.6118,217.959,1.90587,1.71724,0.2,10.4607,11.4233,209.402,1.56458,1.89153,0.231519,0,0,0
121,4.86034,2.01912,2.079,0.639149,0.75098,0.00816455,-0.000262676,2.3779,2.1531,0.283403,0,0,0,2.14544,2.45828,0.2,2.75088,1.50607,137.504,1.90587,1.71724,0.2,2.12353,2.15102,135.023,1.62226,1.9631,0.284189,0,0,0
122,4.90084,2.03808,2.10041,0.637707,0.746073,-0.0152942,0.00468524,2.44938,2.22703,0.271666,0,0,0,2.14544,2.45828,0.2,-4.84683,-4.77802,168.238,1.90587,1.71724,0.2,-3.59321,-4.80739,169.099,1.69089,2.04934,0.27234,0,0,0
123,4.94134,2.05656,2.12127,0.639122,0.741563,-0.0268831,0.00746917,2.50168,2.2796,0.218593,0,0,0,2.14544,2.45828,0.2,-14.1608,-12.646,241.007,1.90587,1.71724,0.2,-10.7527,-13.7576,245.711,1.74095,2.1129,0.218769,0,0,0
124,4.98184,2.07402,2.14105,0.645878,0.737979,-0.0117785,0.00477808,2.51688,2.2948,0.200551,0,0,0,2.14544,2.45828,0.2,-2.92157,-2.60877,49.7778,1.90587,1.71724,0.2,-2.21866,-2.83837,50.7468,1.7555,2.1314,0.200557,0,0,0
125,5.02235,2.09114,2.16046,0.645762,0.734634,0.0133856,-0.000142385,2.51735,2.29526,0.2,3.82565,3.15513,69.3421,2.14634,2.45922,0.20104,0,0,0,1.90666,1.71823,0.201029,0,0,0,1.75594,2.13197,0.2,3.41146,4.69512,67.8887
126,5.06285,2.10869,2.18035,0.639609,0.730644,0.0258617,-0.00269912,2.51735,2.29526,0.2,13.1028,10.8053,237.206,2.16552,2.47918,0.223128,0,0,0,1.92336,1.73909,0.22289,0,0,0,1.75594,2.13197,0.2,11.685,16.0802,232.224
127,5.10335,2.12727,2.20134,0.638223,0.725266,0.0124467,-0.000282865,2.51735,2.29526,0.2,3.85267,2.37404,153.43,2.22414,2.53953,0.277442,0,0,0,1.97377,1.80242,0.276643,0,0,0,1.75594,2.13197,0.2,3.55926,4.56548,152.587
128,5.14385,2.1463,2.22276,0.638567,0.719092,-0.0108973,0.00414356,2.51735,2.29526,0.2,-2.17347,-3.27361,143.686,2.30238,2.61658,0.280433,0,0,0,2.03769,1.88462,0.279603,0,0,0,1.75594,2.13197,0.2,-1.97604,-3.47478,146
129,5.18436,2.16506,2.24374,0.640059,0.713106,-0.0255199,0.00692618,2.51735,2.29526,0.2,-10.9677,-11.852,222.814,2.36696,2.67731,0.226339,0,0,0,2.0877,1.95057,0.226068,0,0,0,1.75594,2.13197,0.2,-10.5575,-16.3457,230.684
130,5.22486,2.18293,2.26356,0.645818,0.708336,-0.0147873,0.00448526,2.51735,2.29526,0.2,-3.92288,-4.23667,79.4802,2.39022,2.69892,0.20148,0,0,0,2.10546,1.97415,0.201465,0,0,0,1.75594,2.13197,0.2,-3.77685,-5.84663,82.2902
131,5.26536,2.20037,2.2828,0.646067,0.704145,0.0103942,-0.00118774,2.51763,2.29554,0.200332,0,0,0,2.3916,2.7002,0.2,2.54456,1.55299,38.9503,2.10652,1.97555,0.2,1.55517,1.90409,37.961,1.75621,2.1323,0.200335,0,0,0
132,5.30587,2.21812,2.30227,0.638856,0.69937,0.0273167,-0.00483248,2.53108,2.30891,0.215941,0,0,0,2.3916,2.7002,0.2,16.2658,9.9282,248.749,2.10652,1.97555,0.2,9.94159,12.1737,242.423,1.76899,2.14807,0.216127,0,0,0
133,5.34637,2.23695,2.32264,0.63715,0.692832,0.0173474,-0.0017189,2.58171,2.35891,0.267617,0,0,0,2.3916,2.7002,0.2,6.92818,3.62328,181.839,2.10652,1.97555,0.2,4.12597,4.85656,179.642,1.81715,2.20758,0.268405,0,0,0
134,5.38687,2.25639,2.34347,0.639143,0.685216,-0.00578563,0.00474359,2.65465,2.42802,0.284912,0,0,0,2.3916,2.7002,0.2,-2.0974,-2.41929,131.698,2.10652,1.97555,0.2,-1.53585,-2.30495,133.431,1.88679,2.29427,0.285901,0,0,0
135,5.42737,2.27558,2.364,0.641494,0.677776,-0.0229611,0.00953091,2.71857,2.48524,0.234643,0,0,0,2.3916,2.7002,0.2,-14.0139,-10.2226,200.871,2.10652,1.97555,0.2,-9.35796,-12.5113,207.499,1.94811,2.37133,0.235047,0,0,0
136,5.46788,2.29378,2.38356,0.646785,0.671676,-0.0171975,0.00802172,2.74613,2.50941,0.203031,0,0,0,2.3916,2.7002,0.2,-7.8178,-5.66295,107.752,2.10652,1.97555,0.2,-5.21499,-6.96037,111.413,1.9746,2.40473,0.203066,0,0,0
137,5.50838,2.31131,2.40247,0.647771,0.666445,0.00649232,0.00130656,2.74876,2.51171,0.2,0.697593,0.380954,13.3141,2.39165,2.70025,0.200054,0,0,0,2.10656,1.9756,0.200053,0,0,0,1.97713,2.40791,0.2,0.645793,0.802867,13.2494
138,5.54888,2.32899,2.42151,0.639855,0.660781,0.0262621,-0.00444616,2.74876,2.51171,0.2,12.479,6.81458,237.947,2.40176,2.70968,0.210717,0,0,0,2.11469,1.98577,0.210619,0,0,0,1.97713,2.40791,0.2,11.5526,14.3622,236.788
139,5.58939,2.3477,2.44143,0.636984,0.653089,0.0202121,-0.00295166,2.74876,2.51171,0.2,8.39331,3.85507,213.063,2.45042,2.75485,0.258396,0,0,0,2.15363,2.03463,0.257857,0,0,0,1.97713,2.40791,0.2,7.76802,9.28397,213.308
140,5.62989,2.36718,2.46198,0.639913,0.643714,-0.0020998,0.00336195,2.74876,2.51171,0.2,-0.682619,-2.26807,126.522,2.53072,2.82579,0.288814,0,0,0,2.21504,2.11373,0.287994,0,0,0,1.97713,2.40791,0.2,-0.65298,-1.8075,129.275
141,5.67039,2.3866,2.48227,0.64297,0.634209,-0.0209979,0.00904451,2.74876,2.51171,0.2,-9.20987,-9.51069,173.62,2.60917,2.88955,0.244455,0,0,0,2.27064,2.18863,0.244044,0,0,0,1.97713,2.40791,0.2,-9.20202,-14.9389,181.612
142,5.71089,2.40521,2.50148,0.647331,0.626245,-0.0191505,0.0086349,2.74876,2.51171,0.2,-7.64449,-7.64888,126.337,2.64955,2.92117,0.205487,0,0,0,2.29831,2.22668,0.205437,0,0,0,1.97713,2.40791,0.2,-7.64297,-12.2906,132.629
143,5.7514,2.42311,2.51975,0.648109,0.619728,0.00326577,0.00159623,2.74876,2.51171,0.2,0,0,0,2.65511,2.92551,0.2,0.0250622,0.00840421,0.408135,2.30212,2.23191,0.2,0.0111009,0.0152842,0.397741,1.97713,2.40791,0.2,0,0,0
144,5.7919,2.44103,2.53795,0.638807,0.612968,0.0248278,-0.00521247,2.75475,2.51692,0.206146,0,0,0,2.65511,2.92551,0.2,12.6671,4.24796,206.087,2.30212,2.23191,0.2,5.61086,7.72606,200.83,1.98278,2.41477,0.2063,0,0,0
145,5.8324,2.45977,2.55668,0.632265,0.603933,0.0230244,-0.00405613,2.79301,2.55007,0.244116,0,0,0,2.65511,2.92551,0.2,13.0124,4.04137,237.43,2.30212,2.23191,0.2,5.70311,7.70155,231.807,2.01894,2.45861,0.245218,0,0,0
146,5.87291,2.47936,2.57593,0.632235,0.59256,0.00176972,0.00404228,2.86374,2.60895,0.281462,0,0,0,2.65511,2.92551,0.2,0.407744,-1.20845,116.15,2.30212,2.23191,0.2,-0.0734253,-0.742992,115.113,2.08665,2.54076,0.283496,0,0,0
147,5.91341,2.49899,2.59506,0.632508,0.580822,-0.0201057,0.0125637,2.93567,2.66369,0.249578,0,0,0,2.65511,2.92551,0.2,-10.1122,-7.23687,214.564,2.30212,2.23191,0.2,-5.1525,-9.60687,215.443,2.15735,2.62661,0.250816,0,0,0
148,5.95391,2.51791,2.61338,0.638175,0.570704,-0.0244438,0.01464,2.97768,2.69399,0.20818,0,0,0,2.65511,2.92551,0.2,-12.6748,-8.46013,219.006,2.30212,2.23191,0.2,-6.34558,-11.583,220.505,2.19927,2.67753,0.208385,0,0,0
149,5.99441,2.53599,2.63083,0.647522,0.562583,-0.00485809,0.00725567,2.98553,2.69962,0.200015,0,0,0,2.65511,2.92551,0.2,-0.34439,-0.229854,5.95643,2.30212,2.23191,0.2,-0.172432,-0.314716,5.99708,2.2071,2.68704,0.200015,0,0,0
150,6.03492,2.55404,2.6482,0.647254,0.554456,0.0170736,-0.00119507,2.98554,2.69963,0.2,8.21687,3.23471,117.815,2.65908,2.92863,0.203981,0,0,0,2.30497,2.23551,0.203883,0,0,0,2.20711,2.68706,0.2,7.90826,10.15,115.666
151,6.07542,2.57288,2.66623,0.642815,0.544162,0.0209072,-0.00234249,2.98554,2.69963,0.2,12.6572,4.79628,192,2.6947,2.9566,0.239309,0,0,0,2.33053,2.26784,0.238349,0,0,0,2.20711,2.68706,0.2,12.1946,15.4768,188.7
152,6.11592,2.59281,2.68512,0.640379,0.530965,0.00399393,0.00512018,2.98554,2.69963,0.2,2.61367,-0.553087,128.856,2.77306,3.01518,0.288641,0,0,0,2.3854,2.33834,0.286476,0,0,0,2.20711,2.68706,0.2,2.62351,1.8782,128.296
153,6.15642,2.61306,2.70412,0.637975,0.516812,-0.0173704,0.0143241,2.98554,2.69963,0.2,-4.47317,-4.55575,191.022,2.86317,3.07425,0.265398,0,0,0,2.44459,2.41766,0.2638,0,0,0,2.20711,2.68706,0.2,-4.51024,-8.91575,193.791
154,6.19693,2.63286,2.72242,0.640005,0.504111,-0.0250051,0.0175887,2.98554,2.69963,0.2,-10.0949,-7.62711,241.078,2.92458,3.11082,0.213979,0,0,0,2.48321,2.47096,0.213638,0,0,0,2.20711,2.68706,0.2,-10.2032,-17.4564,246.569
155,6.23743,2.65183,2.73968,0.647423,0.494138,-0.00752041,0.00945888,2.98554,2.69963,0.2,-1.12982,-0.853659,27.007,2.93949,3.11957,0.200186,0,0,0,2.49253,2.48387,0.200181,0,0,0,2.20711,2.68706,0.2,-1.14196,-1.95374,27.6215
156,6.27793,2.67063,2.75664,0.646767,0.484565,0.0159933,-0.00159017,2.98736,2.7009,0.201979,0,0,0,2.93969,3.11968,0.2,7.80705,0.640101,96.3256,2.49265,2.48404,0.2,2.25526,3.93077,89.7281,2.20887,2.68907,0.202076,0,0,0
157,6.31844,2.68997,2.77385,0.641124,0.472667,0.0245546,-0.00526899,3.01231,2.71835,0.229028,0,0,0,2.93969,3.11968,0.2,18.0859,1.38572,226.187,2.49265,2.48404,0.2,5.19677,9.04533,210.738,2.23297,2.71658,0.23045,0,0,0
158,6.35894,2.71027,2.79143,0.639259,0.456846,0.0105226,0.00273882,3.07619,2.76143,0.28102,0,0,0,2.93969,3.11968,0.2,2.7183,-2.99528,142.248,2.49265,2.48404,0.2,-0.123528,-0.695902,134.966,2.29588,2.78812,0.28499,0,0,0
159,6.39944,2.73078,2.80884,0.638113,0.439502,-0.0100433,0.0142711,3.15033,2.80508,0.272312,0,0,0,2.93969,3.11968,0.2,-6.64236,-6.56802,165.832,2.49265,2.48404,0.2,-3.43561,-7.79408,159.07,2.37366,2.87556,0.275854,0,0,0
160,6.43994,2.75071,2.82545,0.639354,0.423433,-0.0208571,0.0206124,3.2035,2.83209,0.219669,0,0,0,2.93969,3.11968,0.2,-18.7074,-11.7303,244.092,2.49265,2.48404,0.2,-7.74643,-17.6721,235.154,2.43263,2.94121,0.220632,0,0,0
161,6.48045,2.76955,2.8408,0.645657,0.410718,-0.00947677,0.0145622,3.21949,2.83993,0.200679,0,0,0,2.93969,3.11968,0.2,-4.36493,-2.73676,57.0185,2.49265,2.48404,0.2,-1.80749,-4.12294,54.933,2.45059,2.96116,0.200712,0,0,0
162,6.52095,2.78797,2.85568,0.645316,0.399106,0.0110991,0.0030533,3.22006,2.84021,0.2,2.52846,-0.716833,62.8648,2.94065,3.12025,0.200851,0,0,0,2.49326,2.48479,0.200825,0,0,0,2.45124,2.96187,0.2,3.22124,4.23447,61.5578
163,6.56145,2.80675,2.87074,0.638627,0.385434,0.0220687,-0.00288088,3.22006,2.84021,0.2,9.6554,-2.73909,239.798,2.96391,3.13388,0.221489,0,0,0,2.5079,2.50304,0.220831,0,0,0,2.45124,2.96187,0.2,12.3012,16.1705,234.8
164,6.60196,2.82641,2.88631,0.636844,0.366929,0.0121138,0.00400002,3.22006,2.84021,0.2,1.82383,-3.33802,158.366,3.03689,3.17473,0.275387,0,0,0,2.55324,2.56046,0.273079,0,0,0,2.45124,2.96187,0.2,2.79084,3.26178,155.231
165,6.64246,2.84636,2.90192,0.637028,0.345974,-0.00567375,0.0155715,3.22006,2.84021,0.2,-3.52946,-3.60028,141.51,3.12997,3.21566,0.281322,0,0,0,2.60758,2.63473,0.278833,0,0,0,2.45124,2.96187,0.2,-3.77753,-5.67236,138.961
166,6.68296,2.86587,2.91699,0.637979,0.325987,-0.0166796,0.0222668,3.22006,2.84021,0.2,-11.3089,-3.60199,222.083,3.20286,3.2374,0.227864,0,0,0,2.6469,2.69383,0.227011,0,0,0,2.45124,2.96187,0.2,-13.5026,-18.9548,218.487
167,6.72346,2.88434,2.93109,0.642744,0.310057,-0.00864369,0.0157409,3.22006,2.84021,0.2,-4.43936,-1.3954,86.7705,3.22962,3.24422,0.20173,0,0,0,2.66098,2.71564,0.201677,0,0,0,2.45124,2.96187,0.2,-5.3035,-7.4422,85.3691
168,6.76397,2.90221,2.94464,0.642187,0.296199,0.0110061,0.000737596,3.22029,2.84032,0.200236,0,0,0,3.23139,3.24467,0.2,-0.503395,-2.83818,39.0317,2.66191,2.71708,0.2,-1.82798,-0.0967373,30.3077,2.45147,2.96211,0.200255,0,0,0
169,6.80447,2.91975,2.95781,0.634241,0.280779,0.0251981,-0.0097503,3.2333,2.84642,0.213973,0,0,0,3.23139,3.24467,0.2,-3.77331,-21.2616,292.147,2.66191,2.71708,0.2,-13.6965,-0.727649,226.767,2.46533,2.97607,0.215156,0,0,0
170,6.84497,2.93638,2.96984,0.633122,0.259796,0.0200242,-0.00409946,3.28258,2.86833,0.262223,0,0,0,3.23139,3.24467,0.2,-15.2094,-27.6969,231.107,2.66191,2.71708,0.2,-14.6668,-8.31474,174.23,2.51887,3.0301,0.267494,0,0,0
171,6.88547,2.95139,2.97993,0.637829,0.234395,0.00677683,0.00598114,3.33707,2.88165,0.281176,0,0,0,3.23139,3.24467,0.2,-27.1597,-33.3517,175.14,2.66191,2.71708,0.2,-15.274,-15.4825,123.353,2.58803,3.10081,0.288053,0,0,0
172,6.92598,2.964,2.98738,0.645039,0.207561,-0.00256431,0.00932102,3.36352,2.8704,0.234539,0,0,0,3.23139,3.24467,0.2,-48.8705,-42.7948,290.597,2.66191,2.71708,0.2,-19.0733,-20.58,179.154,2.63781,3.15292,0.237465,0,0,0
173,6.96648,2.97344,2.99179,0.658159,0.181918,-0.00579203,0.0100946,3.3717,2.86157,0.203256,0,0,0,3.23139,3.24467,0.2,-28.3705,-24.2747,168.011,2.66191,2.71708,0.2,-10.792,-11.697,102.713,2.65809,3.17441,0.203532,0,0,0
174,7.00698,2.98084,2.99433,0.669235,0.157443,-0.00396274,0.00956242,3.37254,2.86065,0.2,-0.532406,-0.304685,5.55286,3.23141,3.24467,0.20002,0,0,0,2.66191,2.7171,0.200019,0,0,0,2.66018,3.17663,0.2,-0.286459,0.109403,5.033
175,7.04749,2.98765,2.99649,0.669919,0.132361,-0.00172837,0.00918006,3.37254,2.86065,0.2,-16.1767,-9.25861,168.488,3.23723,3.24313,0.206255,0,0,0,2.66253,2.72181,0.205873,0,0,0,2.66018,3.17663,0.2,-8.70974,3.31292,152.673
176,7.08799,2.99318,2.99835,0.670884,0.103139,-0.00184852,0.0109992,3.37254,2.86065,0.2,-26.616,-15.1835,276.42,3.26851,3.23487,0.239766,0,0,0,2.66584,2.74714,0.237341,0,0,0,2.66018,3.17663,0.2,-14.4632,5.21127,250.279
177,7.12849,2.99675,2.99967,0.68051,0.0686467,-0.00352557,0.0144925,3.37254,2.86065,0.2,-14.3436,-4.77522,170.848,3.32676,3.21831,0.300745,0,0,0,2.67137,2.79468,0.294672,0,0,0,2.66018,3.17663,0.2,-14.1835,-8.55952,155.455
178,7.16899,2.99876,3.00028,0.692027,0.0352055,-0.00377162,0.0136613,3.37254,2.86065,0.2,-4.57623,3.56897,87.9988,3.35597,3.20374,0.323752,0,0,0,2.67083,2.82056,0.316704,0,0,0,2.66018,3.17663,0.2,-13.9259,-19.398,81.189
179,7.2095,2.99974,3.00019,0.698368,0.00995013,-0.0015721,0.00553847,3.37254,2.86065,0.2,2.7827,20.7605,111.002,3.3278,3.19806,0.265996,0,0,0,2.66095,2.80155,0.263069,0,0,0,2.66018,3.17663,0.2,-15.8729,-22.3947,100.579
