index,time,x_b,y_b,z_b,th_z,th_y,th_x,x0,y0,z0,fx0,fy0,fz0,x1,y1,z1,fx1,fy1,fz1
1,0,0,0,0.5,0,0,0,0,0,0,11.3852,6.65775,159.305,0,0,0,0,0,0
2,0.00903614,2.2872e-05,1.31548e-05,0.499924,-3.6194e-07,-0.000807034,0.000464164,0,0,0,10.8436,6.01744,158.97,-0.0120287,-0.00292734,0.0179192,0,0,0
3,0.0180723,8.93882e-05,5.01385e-05,0.499697,-3.3696e-06,-0.00315278,0.00176843,0,0,0,9.38206,4.29286,158.233,-0.0163901,-0.00387645,0.0364153,0,0,0
4,0.0271084,0.000193755,0.000104114,0.499314,-1.34474e-05,-0.00682921,0.00366972,0,0,0,7.25494,1.78347,157.204,-0.0146131,-0.00330299,0.054834,0,0,0
5,0.0361446,0.00032746,0.000165041,0.498771,-3.42779e-05,-0.0115308,0.00581151,0,0,0,4.71681,-1.21125,155.994,-0.00822634,-0.00166264,0.0725213,0,0,0
6,0.0451807,0.000480317,0.000220896,0.498065,-6.5311e-05,-0.0168917,0.00776788,0,0,0,2.02217,-4.39184,154.714,0.00124137,0.000588921,0.0888228,0,0,0
7,0.0542169,0.000641495,0.000258898,0.497189,-9.95994e-05,-0.022524,0.00908755,0,0,0,-0.574456,-7.45884,153.473,0.0122612,0.00299603,0.103084,0,0,0
8,0.063253,0.000800568,0.00026673,0.496139,-0.000123921,-0.0280542,0.00933779,0,0,0,-2.81855,-10.1128,152.383,0.0233045,0.005103,0.114652,0,0,0
9,0.0722892,0.000948547,0.000233761,0.49491,-0.000121304,-0.033161,0.00814806,0,0,0,-4.4556,-12.0542,151.554,0.0328424,0.00645418,0.122871,0,0,0
10,0.0813253,0.00107892,0.000152267,0.493499,-7.52135e-05,-0.0376118,0.00525325,0,0,0,-5.23108,-12.9836,151.098,0.0393461,0.00659387,0.127087,0,0,0
11,0.0903614,0.0011883,1.87094e-05,0.491906,2.59209e-05,-0.0412843,0.000537982,0,0,0,-5.47619,-12.5286,153.326,0.0414662,0.00512563,0.126759,0,0,0
12,0.0993976,0.00127494,-0.000164988,0.490142,0.000184991,-0.0441144,-0.00591946,0,0,0,-6.28876,-10.5892,162.263,0.0392767,0.00212321,0.122229,0,0,0
13,0.108434,0.00133559,-0.000391163,0.488243,0.000393788,-0.0459856,-0.0138391,0,0,0,-7.55522,-7.54186,176.343,0.0335306,-0.00211538,0.114267,0,0,0
14,0.11747,0.0013652,-0.000647638,0.486266,0.000632286,-0.046719,-0.0227827,0,0,0,-9.11496,-3.77423,193.805,0.024985,-0.00729074,0.103641,0,0,0
15,0.126506,0.00135751,-0.000919295,0.484279,0.000869925,-0.0460963,-0.0322098,0,0,0,-10.8074,0.325841,212.889,0.014397,-0.0131035,0.091121,0,0,0
16,0.135542,0.00130571,-0.00118966,0.482361,0.00106919,-0.0438846,-0.0415335,0,0,0,-12.4718,4.37053,231.834,0.0025239,-0.0192543,0.0774779,0,0,0
17,0.144578,0.00120312,-0.00144248,0.480587,0.0011914,-0.03986,-0.0501766,0,0,0,-13.9477,7.97202,248.878,-0.00987726,-0.0254437,0.0634813,0,0,0
18,0.153614,0.00104383,-0.00166333,0.479026,0.00120384,-0.033831,-0.0576273,0,0,0,-15.0744,10.7425,262.262,-0.0220493,-0.0313723,0.049901,0,0,0
19,0.162651,0.000823342,-0.00184114,0.47773,0.00108685,-0.0256613,-0.063495,0,0,0,-15.6913,12.2941,270.224,-0.0332351,-0.0367407,0.0375071,0,0,0
20,0.171687,0.00053928,-0.00196975,0.476731,0.000838838,-0.0152921,-0.0675613,0,0,0,-15.5925,12.3903,269.361,-0.0427056,-0.0412613,0.0270403,0,0,0
21,0.180723,0.000192196,-0.00204838,0.47602,0.000477226,-0.00276853,-0.0697995,0,0,0,-14.5602,11.61,252.385,-0.0502359,-0.044855,0.0187187,0,0,0
22,0.189759,-0.000213832,-0.00208001,0.475529,3.49508e-05,0.0117433,-0.0703222,0,0,0,-12.7929,10.2261,222.294,-0.056037,-0.0476235,0.0123078,0,0,0
23,0.198795,-0.000671752,-0.00207018,0.475138,-0.000446145,0.0279798,-0.0693368,0,0,0,-10.5312,8.43398,183.333,-0.0603347,-0.0496745,0.00755855,0,0,0
24,0.207831,-0.00117249,-0.00202606,0.474692,-0.000922945,0.0456166,-0.0671121,0,0,0,-8.01608,6.42909,139.749,-0.0633543,-0.0511156,0.00422159,0,0,0
25,0.216867,-0.00170595,-0.0019557,0.474015,-0.00135792,0.0643046,-0.0639471,0,0,0,-5.48814,4.40677,95.7885,-0.0653214,-0.0520543,0.00204772,0,0,0
26,0.225904,-0.00226197,-0.00186723,0.472931,-0.00172378,0.0837043,-0.0601407,0,0,0,-3.18814,2.56242,55.6977,-0.0664616,-0.0525985,0.000787702,0,0,0
27,0.23494,-0.00283133,-0.00176804,0.471279,-0.00200514,0.103517,-0.0559616,0,0,0,-1.35682,1.0914,23.7228,-0.0670004,-0.0528556,0.00019231,0,0,0
28,0.243976,-0.00340671,-0.00166402,0.468931,-0.00219686,0.123515,-0.05162,0,0,0,-0.234924,0.189096,4.11019,-0.0671633,-0.0529333,1.23078e-05,0,0,0
29,0.253012,-0.00398335,-0.00155864,0.46581,-0.0022992,0.14356,-0.0472439,-4.81799e-06,-1.74973e-06,2.7353e-06,0,0,0,-0.0671744,-0.0529387,-4.16789e-13,0.431802,0.136069,2.29109
30,0.262048,-0.00455475,-0.00145143,0.461921,-0.00231025,0.163564,-0.0429168,-0.000308351,-0.000111983,0.000175059,0,0,0,-0.0671744,-0.0529387,-4.16789e-13,6.22138,1.96108,32.9976
31,0.271084,-0.00509739,-0.00133515,0.457383,-0.00222113,0.183307,-0.0388551,-0.00165257,-0.000600158,0.000938207,0,0,0,-0.0671744,-0.0529387,-4.16789e-13,16.9477,5.3442,89.8468
32,0.28012,-0.00556906,-0.00119649,0.45242,-0.00202618,0.202412,-0.0354543,-0.00481799,-0.00174973,0.0027353,0,0,0,-0.0671744,-0.0529387,-4.16789e-13,30.2905,9.55633,160.487
33,0.289157,-0.00591686,-0.00101875,0.447312,-0.00173492,0.220418,-0.033228,-0.0105851,-0.00384416,0.00600945,0,0,0,-0.0671744,-0.0529387,-4.16789e-13,43.9298,13.8684,232.566
34,0.298193,-0.00608669,-0.000784812,0.442345,-0.00137644,0.236883,-0.0327237,-0.0197345,-0.0071669,0.0112038,0,0,0,-0.0671744,-0.0529387,-4.16789e-13,55.5454,17.5512,293.731
35,0.307229,-0.00603271,-0.000480149,0.43776,-0.000995342,0.251466,-0.0344311,-0.0330466,-0.0120014,0.0187614,0,0,0,-0.0671744,-0.0529387,-4.16789e-13,62.817,19.8757,331.632
36,0.316265,-0.00572633,-9.53484e-05,0.433706,-0.000640293,0.263998,-0.0386734,-0.0512617,-0.0186151,0.0291041,0,0,0,-0.0671744,-0.0529387,-4.16789e-13,64.1317,20.7196,336.411
37,0.325301,-0.00515909,0.000375938,0.430212,-0.000338456,0.274449,-0.0454344,-0.0736988,-0.0267071,0.0418991,0,0,0,-0.0671744,-0.0529387,-4.16789e-13,64.0162,24.3502,322.815
38,0.334337,-0.00433059,0.000948466,0.427228,-5.00978e-05,0.282705,-0.0541403,-0.0979096,-0.0352704,0.0558758,0,0,0,-0.0671744,-0.0529387,-4.16789e-13,63.7783,30.6694,299.55
39,0.343373,-0.00324174,0.00164714,0.424663,0.000339375,0.288517,-0.0637436,-0.121336,-0.0432537,0.0697048,0,0,0,-0.0671744,-0.0529387,-4.16789e-13,63.4749,38.3558,271.403
40,0.35241,-0.00189377,0.00250243,0.422405,0.000995693,0.29155,-0.0729485,-0.141418,-0.0496057,0.0820567,0,0,0,-0.0671744,-0.0529387,-4.16789e-13,63.1631,46.0882,243.161
41,0.361446,-0.000287888,0.00354501,0.420342,0.00209542,0.291466,-0.0804562,-0.155598,-0.0532752,0.0916022,0,0,0,-0.0671744,-0.0529387,-4.16789e-13,62.8998,52.5455,219.611
42,0.370482,0.00157486,0.00480035,0.41838,0.0037766,0.287998,-0.085213,-0.161317,-0.0532108,0.0970119,0,0,0,-0.0671744,-0.0529387,-4.16789e-13,62.7419,56.4064,205.54
43,0.379518,0.00369373,0.00628351,0.416467,0.00609111,0.281052,-0.0866554,-0.156128,-0.0484094,0.0970119,0,0,0,-0.0671744,-0.0529387,-4.16789e-13,62.5506,56.6532,205.529
44,0.388554,0.00606728,0.00799637,0.414601,0.00897603,0.270825,-0.0848671,-0.140138,-0.0389712,0.0916022,0,0,0,-0.0671744,-0.0529387,-4.16789e-13,61.342,54.5503,219.54
45,0.39759,0.00869071,0.00993097,0.412837,0.0122663,0.257916,-0.0804806,-0.116014,-0.0261007,0.0820567,0,0,0,-0.0671744,-0.0529387,-4.16789e-13,59.3179,51.034,242.997
46,0.406627,0.011556,0.0120735,0.411267,0.015746,0.243259,-0.074493,-0.0865295,-0.0110498,0.0697048,0,0,0,-0.0671744,-0.0529387,-4.16789e-13,56.8909,46.8222,271.129
47,0.415663,0.0146536,0.0144071,0.410002,0.0192046,0.228002,-0.0680902,-0.0544618,0.00492921,0.0558758,0,0,0,-0.0671744,-0.0529387,-4.16789e-13,54.4734,42.6327,299.166
48,0.424699,0.0179739,0.0169153,0.409155,0.0224789,0.213353,-0.0624738,-0.0225864,0.0205841,0.0418991,0,0,0,-0.0671744,-0.0529387,-4.16789e-13,52.4777,39.1832,322.338
49,0.433735,0.021509,0.0195845,0.408817,0.0254713,0.200419,-0.0586867,0.00632112,0.0346628,0.0291041,0,0,0,-0.0671744,-0.0529387,-4.16789e-13,51.3165,37.1916,335.876
50,0.442771,0.0252536,0.0224062,0.409036,0.0281469,0.190016,-0.0574407,0.0296096,0.0459705,0.0187614,0,0,0,-0.0671744,-0.0529387,-4.16789e-13,50.1214,36.1917,331.092
51,0.451807,0.0291996,0.0253734,0.409783,0.0305155,0.182547,-0.0590127,0.0466251,0.0542316,0.0112038,0,0,0,-0.0671744,-0.0529387,-4.16789e-13,44.3112,31.9874,293.247
52,0.460843,0.0333242,0.0284696,0.410911,0.0326061,0.178023,-0.063315,0.0583198,0.0599093,0.00600945,0,0,0,-0.0671744,-0.0529387,-4.16789e-13,35.0407,25.2905,232.179
53,0.46988,0.0375908,0.0316682,0.412178,0.0344563,0.176112,-0.0699708,0.0656913,0.0634882,0.0027353,0,0,0,-0.0671744,-0.0529387,-4.16789e-13,24.1592,17.4345,160.219
54,0.478916,0.0419561,0.0349381,0.413299,0.0361137,0.176211,-0.0783943,0.0697374,0.0654526,0.000938207,0,0,0,-0.0671744,-0.0529387,-4.16789e-13,13.5163,9.75302,89.696
55,0.487952,0.0463781,0.0382489,0.413995,0.0376367,0.177567,-0.0879056,0.0714555,0.0662868,0.000175059,0,0,0,-0.0671744,-0.0529387,-4.16789e-13,4.96149,3.57981,32.942
56,0.496988,0.050823,0.0415762,0.414042,0.0390868,0.179474,-0.0978876,0.0718435,0.0664751,2.7353e-06,0,0,0,-0.0671744,-0.0529387,-4.16789e-13,0.344343,0.248435,2.28722
57,0.506024,0.0552727,0.044907,0.413322,0.0405099,0.181469,-0.107945,0.0718497,0.0664781,-1.65727e-13,0.650791,0.574217,8.11016,-0.0671573,-0.0529285,1.5851e-05,0,0,0
58,0.51506,0.0597268,0.0482417,0.411856,0.0419411,0.183287,-0.117834,0.0718497,0.0664781,-1.65727e-13,3.64944,3.21943,45.4539,-0.0669073,-0.0527807,0.000247672,0,0,0
59,0.524096,0.064197,0.0515905,0.409788,0.0434538,0.184461,-0.127092,0.0718497,0.0664781,-1.65727e-13,8.27246,7.29599,102.961,-0.0660803,-0.0522918,0.00101446,0,0,0
60,0.533133,0.0687014,0.0549696,0.407345,0.0451532,0.184384,-0.135085,0.0718497,0.0664781,-1.65727e-13,13.617,12.006,169.326,-0.0643302,-0.0512571,0.00263721,0,0,0
61,0.542169,0.0732612,0.0583976,0.404791,0.0471432,0.182501,-0.141187,0.0718497,0.0664781,-1.65727e-13,18.7801,16.5514,233.241,-0.0613108,-0.0494719,0.0054369,0,0,0
62,0.551205,0.0778971,0.0618925,0.402379,0.0494941,0.178454,-0.144924,0.0718497,0.0664781,-1.65727e-13,22.8588,20.1342,283.4,-0.0566759,-0.0467316,0.0097345,0,0,0
63,0.560241,0.0826248,0.0654683,0.400306,0.0522191,0.172168,-0.146082,0.0718497,0.0664781,-1.65727e-13,24.9504,21.9566,308.495,-0.0500793,-0.0428315,0.015851,0,0,0
64,0.569277,0.0874534,0.0691327,0.398672,0.0552697,0.163848,-0.144736,0.0718497,0.0664781,-1.65727e-13,25.4492,21.9884,305.297,-0.0411943,-0.0375669,0.0240171,0,0,0
65,0.578313,0.0923865,0.0728865,0.397475,0.058561,0.153815,-0.141181,0.0718497,0.0664781,-1.65727e-13,26.8807,21.7521,290.141,-0.0298641,-0.0307328,0.0336778,0,0,0
66,0.587349,0.0974298,0.0767292,0.396657,0.0620104,0.142272,-0.135753,0.0718497,0.0664781,-1.65727e-13,28.9852,21.3942,267.943,-0.0160191,-0.0221239,0.0438735,0,0,0
67,0.596386,0.102592,0.0806591,0.39613,0.065551,0.129262,-0.128766,0.0718497,0.0664781,-1.65727e-13,31.3641,20.9851,242.88,0.000409471,-0.0115349,0.0536412,0,0,0
68,0.605422,0.107881,0.0846747,0.395795,0.0691306,0.114716,-0.12049,0.0718497,0.0664781,-1.65727e-13,33.6189,20.5949,219.13,0.0194905,0.00123928,0.0620179,0,0,0
69,0.614458,0.113308,0.0887745,0.395557,0.0727053,0.0985285,-0.111155,0.0718497,0.0664781,-1.65727e-13,35.351,20.294,200.873,0.0412927,0.016404,0.0680408,0,0,0
70,0.623494,0.118878,0.0929572,0.395344,0.0762313,0.0806577,-0.100961,0.0718497,0.0664781,-1.65727e-13,36.1618,20.1527,192.285,0.065885,0.0341644,0.0707469,0,0,0
71,0.63253,0.124595,0.0972223,0.395125,0.0796567,0.0612572,-0.0901133,0.0718497,0.0664781,-1.65727e-13,35.4556,20.1755,197.146,0.093216,0.0546072,0.0693589,0,0,0
72,0.641566,0.130456,0.10157,0.394917,0.0829178,0.0408277,-0.0788651,0.0718497,0.0664781,-1.65727e-13,33.0574,20.2596,214.01,0.122436,0.0770304,0.0643347,0,0,0
73,0.650602,0.136451,0.106,0.394788,0.0859474,0.0202754,-0.0675494,0.0718497,0.0664781,-1.65727e-13,29.603,20.3796,238.352,0.152371,0.100411,0.0566355,0,0,0
74,0.659639,0.142566,0.110514,0.394832,0.0886927,0.000839407,-0.0565853,0.0718497,0.0664781,-1.65727e-13,25.7409,20.5125,265.62,0.181843,0.123723,0.0472245,0,0,0
75,0.668675,0.148787,0.115111,0.395159,0.0911308,-0.0160368,-0.046464,0.0718497,0.0664781,-1.65727e-13,22.1195,20.6349,291.266,0.209677,0.145944,0.0370645,0,0,0
76,0.677711,0.155098,0.119792,0.39587,0.0932747,-0.0288675,-0.0377193,0.0718497,0.0664781,-1.65727e-13,19.3872,20.7237,310.738,0.234696,0.166048,0.0271185,0,0,0
77,0.686747,0.16149,0.124558,0.397041,0.0951666,-0.036323,-0.0308762,0.0718497,0.0664781,-1.65727e-13,18.1926,20.7558,319.487,0.255725,0.183011,0.0183494,0,0,0
78,0.695783,0.167956,0.129408,0.3987,0.096861,-0.0374673,-0.0263711,0.0718497,0.0664781,-1.65727e-13,17.292,19.7507,304.638,0.271836,0.19602,0.0115554,0,0,0
79,0.704819,0.174492,0.134337,0.40078,0.0984014,-0.0320061,-0.0244296,0.0718497,0.0664781,-1.65727e-13,14.7427,16.8463,260.15,0.28338,0.205341,0.00668715,0,0,0
80,0.713855,0.181087,0.139335,0.40311,0.0998019,-0.020381,-0.0249773,0.0718497,0.0664781,-1.65727e-13,11.1853,12.7852,197.597,0.291119,0.211589,0.00342382,0,0,0
81,0.722892,0.187728,0.144384,0.405441,0.101051,-0.00366601,-0.0276503,0.0718497,0.0664781,-1.65727e-13,7.27609,8.31871,128.643,0.295813,0.215379,0.00144442,0,0,0
82,0.731928,0.194399,0.149468,0.4075,0.102132,0.0166493,-0.031873,0.0718497,0.0664781,-1.65727e-13,3.67131,4.1981,64.9498,0.298223,0.217325,0.000427977,0,0,0
83,0.740964,0.201085,0.154569,0.409034,0.103045,0.0389712,-0.0369884,0.0718497,0.0664781,-1.65727e-13,1.0272,1.17475,18.1813,0.299111,0.218042,5.34972e-05,0,0,0
84,0.75,0.207776,0.159676,0.409862,0.103811,0.0620074,-0.0424435,0.0718497,0.0664781,-1.65727e-13,0,0,0,0.299238,0.218144,-3.18704e-13,0,0,0
85,0.759036,0.214469,0.164784,0.409913,0.104451,0.085041,-0.0479319,0.0719633,0.0665508,1.55246e-05,0,0,0,0.299238,0.218144,-3.18704e-13,0.815001,-0.0974512,18.6117
86,0.768072,0.221166,0.169892,0.409259,0.10499,0.107366,-0.05319,0.0727587,0.0670599,0.000124197,0,0,0,0.299238,0.218144,-3.18704e-13,2.91283,-0.347863,66.4883
87,0.777108,0.227875,0.174998,0.408087,0.10549,0.127722,-0.0577787,0.0749176,0.0684417,0.000419165,0,0,0,0.299238,0.218144,-3.18704e-13,5.77273,-0.688323,131.692
88,0.786145,0.234608,0.180102,0.406656,0.106047,0.144569,-0.061204,0.0791217,0.0711326,0.000993575,0,0,0,0.299238,0.218144,-3.18704e-13,8.87394,-1.05592,202.286
89,0.795181,0.241377,0.185201,0.405245,0.106766,0.156492,-0.0630793,0.0860529,0.0755689,0.00194058,0,0,0,0.299238,0.218144,-3.18704e-13,11.6957,-1.38774,266.332
90,0.804217,0.248194,0.190294,0.404107,0.10772,0.162504,-0.063231,0.0963929,0.0821871,0.00335332,0,0,0,0.299238,0.218144,-3.18704e-13,13.7172,-1.62087,311.893
91,0.813253,0.255065,0.195381,0.403422,0.108929,0.16225,-0.0617453,0.110823,0.0914233,0.00532496,0,0,0,0.299238,0.218144,-3.18704e-13,14.4225,-1.68988,327.128
92,0.822289,0.261995,0.200461,0.403255,0.110353,0.156056,-0.0589302,0.12973,0.103538,0.00799773,0,0,0,0.299238,0.218144,-3.18704e-13,14.1998,-1.18123,319.468
93,0.831325,0.268982,0.205538,0.403586,0.111923,0.144667,-0.0551616,0.152575,0.118242,0.0116668,0,0,0,0.299238,0.218144,-3.18704e-13,13.6597,-0.0196116,302.491
94,0.840361,0.276025,0.210614,0.404346,0.113568,0.128956,-0.0507612,0.178641,0.135141,0.0166572,0,0,0,0.299238,0.218144,-3.18704e-13,12.9346,1.51889,280.155
95,0.849398,0.283121,0.215696,0.405449,0.11523,0.10978,-0.0459677,0.207212,0.153839,0.0232939,0,0,0,0.299238,0.218144,-3.18704e-13,12.1572,3.15818,256.418
96,0.858434,0.290267,0.220792,0.406799,0.116862,0.0879258,-0.0409478,0.237569,0.173941,0.0319019,0,0,0,0.299238,0.218144,-3.18704e-13,11.4599,4.62216,235.234
97,0.86747,0.297459,0.225905,0.408312,0.118431,0.0640678,-0.0358289,0.268996,0.195051,0.0428061,0,0,0,0.299238,0.218144,-3.18704e-13,10.9754,5.63475,220.562
98,0.876506,0.304697,0.231042,0.409933,0.119911,0.0387791,-0.0307521,0.300776,0.216774,0.0563305,0,0,0,0.299238,0.218144,-3.18704e-13,10.8108,5.95899,216.397
99,0.885542,0.311978,0.236203,0.411645,0.121287,0.0125866,-0.0259068,0.33222,0.238682,0.0724711,0,0,0,0.299238,0.218144,-3.18704e-13,9.99643,7.05873,226.483
100,0.894578,0.319299,0.241394,0.413489,0.122555,-0.0138843,-0.0214532,0.362705,0.260269,0.0904194,0,0,0,0.299238,0.218144,-3.18704e-13,8.26763,9.40156,247.913
101,0.903614,0.326654,0.246624,0.415548,0.12371,-0.0398124,-0.0174979,0.391622,0.281017,0.109246,0,0,0,0.299238,0.218144,-3.18704e-13,6.0223,12.446,275.776
102,0.912651,0.334033,0.251904,0.417934,0.124746,-0.0641736,-0.0141496,0.41836,0.300406,0.128022,0,0,0,0.299238,0.218144,-3.18704e-13,3.65834,15.6507,305.162
103,0.921687,0.341428,0.257249,0.420762,0.125659,-0.0857909,-0.0115737,0.442307,0.317919,0.145817,0,0,0,0.299238,0.218144,-3.18704e-13,1.57365,18.4742,331.162
104,0.930723,0.348829,0.262668,0.424135,0.126446,-0.103429,-0.0100226,0.462853,0.333038,0.161702,0,0,0,0.299238,0.218144,-3.18704e-13,0.166129,20.3749,348.865
105,0.939759,0.356232,0.268169,0.428122,0.127119,-0.115935,-0.00984112,0.479389,0.345247,0.174752,0,0,0,0.299238,0.218144,-3.18704e-13,-0.20917,20.7915,352.536
106,0.948795,0.363634,0.273754,0.432725,0.127694,-0.122462,-0.0114107,0.491705,0.354343,0.184495,0,0,0,0.299238,0.218144,-3.18704e-13,-0.203201,19.078,323.787
107,0.957831,0.371035,0.279415,0.437829,0.128182,-0.122773,-0.0149694,0.500359,0.360734,0.19134,0,0,0,0.299238,0.218144,-3.18704e-13,-0.173129,15.6896,266.442
108,0.966867,0.378436,0.28514,0.44321,0.128569,-0.117354,-0.0204895,0.505996,0.364897,0.195799,0,0,0,0.299238,0.218144,-3.18704e-13,-0.128684,11.3842,193.41
109,0.975904,0.385836,0.290911,0.448577,0.128827,-0.107318,-0.0276726,0.509264,0.367311,0.198384,0,0,0,0.299238,0.218144,-3.18704e-13,-0.0795967,6.91966,117.597
110,0.98494,0.393235,0.296711,0.453631,0.12893,-0.0941724,-0.0360215,0.510808,0.368451,0.199605,0,0,0,0.299238,0.218144,-3.18704e-13,-0.0355973,3.05387,51.9123
111,0.993976,0.400635,0.302525,0.458111,0.128871,-0.079463,-0.0449756,0.511275,0.368796,0.199975,0,0,0,0.299238,0.218144,-3.18704e-13,-0.00641634,0.544761,9.26208
112,1.00301,0.408034,0.308341,0.461852,0.128665,-0.0643282,-0.0540997,0.511307,0.368819,0.2,-0.101882,-0.0504646,2.39906,0.299243,0.218146,4.71319e-06,0,0,0
113,1.01205,0.415432,0.314158,0.464828,0.128324,-0.0493467,-0.0631636,0.511307,0.368819,0.2,-1.46784,-0.726833,34.5532,0.299563,0.218257,0.000301644,0,0,0
114,1.02108,0.422824,0.319971,0.467163,0.127877,-0.0353511,-0.0718291,0.511307,0.368819,0.2,-3.99833,-1.97909,94.0845,0.30098,0.218747,0.00161662,0,0,0
115,1.03012,0.430199,0.325776,0.469091,0.127387,-0.0235844,-0.0796163,0.511307,0.368819,0.2,-7.1457,-3.53521,168.061,0.304318,0.219902,0.00471319,0,0,0
116,1.03916,0.437544,0.331567,0.470906,0.126943,-0.0153357,-0.0860776,0.511307,0.368819,0.2,-10.3623,-5.12317,243.551,0.310398,0.222007,0.0103549,0,0,0
117,1.04819,0.444847,0.337336,0.472905,0.126632,-0.0115967,-0.0909457,0.511307,0.368819,0.2,-13.1005,-6.47095,307.622,0.320044,0.225345,0.0193052,0,0,0
118,1.05723,0.452098,0.34308,0.475343,0.126511,-0.0128417,-0.094213,0.511307,0.368819,0.2,-14.8126,-7.30653,347.342,0.33408,0.230203,0.0323278,0,0,0
119,1.06627,0.459289,0.348794,0.478375,0.126593,-0.0189266,-0.096135,0.511307,0.368819,0.2,-15.3248,-7.25747,352.107,0.353303,0.236862,0.0501565,0,0,0
120,1.0753,0.466417,0.35448,0.482028,0.126853,-0.0291237,-0.0971256,0.511307,0.368819,0.2,-17.2368,-5.49911,335.249,0.377689,0.24555,0.0724828,0,0,0
121,1.08434,0.473473,0.360145,0.486241,0.127248,-0.0423102,-0.0975464,0.511307,0.368819,0.2,-20.5862,-2.42764,306.252,0.406184,0.256422,0.0977014,0,0,0
122,1.09337,0.480444,0.3658,0.490898,0.127726,-0.0571914,-0.0976095,0.511307,0.368819,0.2,-24.6694,1.31194,271.11,0.437672,0.269628,0.124126,0,0,0
123,1.10241,0.487315,0.37146,0.495862,0.128229,-0.0724801,-0.0973752,0.511307,0.368819,0.2,-28.7828,5.07464,235.82,0.471036,0.285321,0.150071,0,0,0
124,1.11145,0.494069,0.377141,0.500991,0.128682,-0.0870252,-0.0967961,0.511307,0.368819,0.2,-32.2225,8.21548,206.374,0.505158,0.303649,0.17385,0,0,0
125,1.12048,0.500692,0.382854,0.506169,0.129007,-0.0998909,-0.0957996,0.511307,0.368819,0.2,-34.285,10.0895,188.768,0.538923,0.324766,0.193776,0,0,0
126,1.12952,0.507177,0.388607,0.511329,0.129133,-0.110395,-0.0944013,0.511307,0.368819,0.2,-34.0818,10.4673,187.743,0.57123,0.348794,0.208221,0,0,0
127,1.13855,0.513525,0.394404,0.516462,0.129015,-0.118126,-0.0927829,0.511307,0.368819,0.2,-30.5223,11.3285,198.192,0.601405,0.37523,0.216883,0,0,0
128,1.14759,0.51975,0.400247,0.521608,0.128643,-0.122948,-0.0912257,0.511307,0.368819,0.2,-24.5628,12.7768,215.704,0.629195,0.402946,0.220786,0,0,0
129,1.15663,0.525875,0.406143,0.526836,0.128037,-0.124904,-0.0900846,0.511307,0.368819,0.2,-17.4245,14.5146,236.727,0.654363,0.430785,0.221012,0,0,0
130,1.16566,0.531929,0.412097,0.532229,0.127237,-0.124092,-0.089787,0.511307,0.368819,0.2,-10.3286,16.2446,257.707,0.676676,0.457591,0.218642,0,0,0
131,1.1747,0.537941,0.418118,0.537871,0.126288,-0.120552,-0.0908202,0.511307,0.368819,0.2,-4.4963,17.6691,275.088,0.695898,0.482208,0.214759,0,0,0
132,1.18373,0.543932,0.424211,0.54383,0.125216,-0.114184,-0.0936983,0.511307,0.368819,0.2,-1.14884,18.4908,285.318,0.711794,0.503479,0.210443,0,0,0
133,1.19277,0.549916,0.430378,0.550144,0.124009,-0.104698,-0.0989062,0.511307,0.368819,0.2,-0.738744,18.2201,281.195,0.724156,0.52031,0.206737,0,0,0
134,1.20181,0.555898,0.436619,0.556785,0.122598,-0.0917352,-0.10679,0.511307,0.368819,0.2,-0.629179,16.1277,249.101,0.733177,0.532599,0.204023,0,0,0
135,1.21084,0.561876,0.442924,0.563629,0.12089,-0.0752493,-0.117408,0.511307,0.368819,0.2,-0.484874,12.764,197.252,0.739377,0.541046,0.202158,0,0,0
136,1.21988,0.567853,0.449281,0.57047,0.11879,-0.0556196,-0.130498,0.511307,0.368819,0.2,-0.328042,8.8054,136.129,0.743285,0.54637,0.200982,0,0,0
137,1.22892,0.573829,0.455675,0.577068,0.11623,-0.0335794,-0.145531,0.511307,0.368819,0.2,-0.180897,4.9285,76.2149,0.74543,0.549293,0.200337,0,0,0
138,1.23795,0.579803,0.462088,0.583183,0.113187,-0.0100541,-0.16183,0.511307,0.368819,0.2,-0.0656499,1.80975,27.9924,0.746341,0.550534,0.200063,0,0,0
139,1.24699,0.585778,0.468511,0.588627,0.109684,0.0140797,-0.178745,0.511307,0.368819,0.2,-0.00451447,0.125637,1.94364,0.746546,0.550814,0.200001,0,0,0
140,1.25602,0.591752,0.474934,0.593298,0.105762,0.0382242,-0.195857,0.511376,0.368869,0.200012,0,0,0,0.74655,0.550818,0.2,0.233618,0.13225,5.89031
141,1.26506,0.597728,0.481359,0.597208,0.101478,0.0618316,-0.212927,0.51239,0.369597,0.200188,0,0,0,0.74655,0.550818,0.2,1.30644,0.741653,33.001
142,1.2741,0.60371,0.487787,0.600461,0.0970055,0.0836609,-0.229509,0.515745,0.372005,0.200768,0,0,0,0.74655,0.550818,0.2,2.95108,1.68126,74.7202
143,1.28313,0.609704,0.494222,0.603223,0.0926464,0.10192,-0.244971,0.522844,0.377101,0.201998,0,0,0,0.74655,0.550818,0.2,4.83559,2.76767,122.811
144,1.29217,0.615717,0.500669,0.605685,0.0887884,0.114701,-0.258668,0.535093,0.385892,0.204118,0,0,0,0.74655,0.550818,0.2,6.62805,3.81748,169.036
145,1.3012,0.621758,0.50713,0.608028,0.0858211,0.120361,-0.270111,0.553895,0.399388,0.207374,0,0,0,0.74655,0.550818,0.2,7.9965,4.64727,205.159
146,1.31024,0.62783,0.513611,0.610395,0.0840429,0.117839,-0.27909,0.580655,0.418595,0.212007,0,0,0,0.74655,0.550818,0.2,8.60901,5.07365,222.942
147,1.31928,0.633935,0.520113,0.612858,0.0835886,0.106928,-0.285708,0.616427,0.444327,0.218192,0,0,0,0.74655,0.550818,0.2,5.01021,6.44331,220.379
148,1.32831,0.640053,0.526643,0.615414,0.0844247,0.0885521,-0.290131,0.659225,0.47571,0.22551,0,0,0,0.74655,0.550818,0.2,-8.62712,11.6487,210.05
149,1.33735,0.646132,0.533223,0.618024,0.086387,0.0648298,-0.292157,0.705497,0.510996,0.233233,0,0,0,0.74655,0.550818,0.2,-28.8333,19.3883,195.245
150,1.34639,0.652091,0.539883,0.620628,0.0891754,0.0386874,-0.291178,0.751677,0.548432,0.240632,0,0,0,0.74655,0.550818,0.2,-51.7481,28.1769,178.675
151,1.35542,0.65784,0.546658,0.623162,0.0923638,0.0133661,-0.286303,0.7942,0.586265,0.246977,0,0,0,0.74655,0.550818,0.2,-73.5111,36.5293,163.054
152,1.36446,0.663292,0.55358,0.625563,0.0954624,-0.00806208,-0.276553,0.8295,0.622743,0.251539,0,0,0,0.74655,0.550818,0.2,-90.262,42.9606,151.091
153,1.37349,0.668381,0.560676,0.627784,0.0980334,-0.0231731,-0.261134,0.854012,0.656111,0.253589,0,0,0,0.74655,0.550818,0.2,-98.1404,45.9855,145.499
154,1.38253,0.673078,0.567955,0.629804,0.0998255,-0.0306367,-0.239771,0.864796,0.684833,0.252538,0,0,0,0.74655,0.550818,0.2,-95.0292,43.4674,148.284
155,1.39157,0.677391,0.575408,0.631632,0.100843,-0.0304119,-0.213052,0.863069,0.708803,0.248732,0,0,0,0.74655,0.550818,0.2,-84.095,34.8633,157.906
156,1.4006,0.681365,0.583001,0.633308,0.101293,-0.0234699,-0.182489,0.851744,0.728504,0.2429,0,0,0,0.74655,0.550818,0.2,-68.3337,22.4659,171.806
157,1.40964,0.685061,0.590684,0.634885,0.101465,-0.0114299,-0.150246,0.833738,0.744418,0.235772,0,0,0,0.74655,0.550818,0.2,-50.703,8.61167,187.429
158,1.41867,0.688549,0.598403,0.636425,0.10161,0.0038084,-0.118782,0.81197,0.757026,0.228076,0,0,0,0.74655,0.550818,0.2,-34.1609,-4.36297,202.218
159,1.42771,0.691895,0.606106,0.637988,0.101845,0.0204515,-0.0904791,0.789358,0.766812,0.220542,0,0,0,0.74655,0.550818,0.2,-21.6649,-14.1216,213.619
160,1.43675,0.695148,0.613756,0.639618,0.102139,0.0372065,-0.0672656,0.768819,0.774259,0.213899,0,0,0,0.74655,0.550818,0.2,-16.173,-18.3277,219.075
161,1.44578,0.698332,0.621334,0.641331,0.102353,0.0535749,-0.0502632,0.7528,0.779819,0.208753,0,0,0,0.74655,0.550818,0.2,-15.2368,-17.4627,209.283
162,1.45482,0.701454,0.628842,0.643083,0.102327,0.0696706,-0.0396653,0.741321,0.783804,0.205065,0,0,0,0.74655,0.550818,0.2,-12.9321,-14.8928,178.933
163,1.46386,0.704524,0.63629,0.644756,0.101957,0.0857098,-0.0349218,0.733627,0.786475,0.202593,0,0,0,0.74655,0.550818,0.2,-9.78114,-11.3015,136.019
164,1.47289,0.707554,0.643692,0.646181,0.10121,0.101843,-0.0349274,0.72896,0.788095,0.201094,0,0,0,0.74655,0.550818,0.2,-6.34824,-7.35284,88.6058
165,1.48193,0.710559,0.651064,0.647168,0.100121,0.118126,-0.0382448,0.726563,0.788927,0.200324,0,0,0,0.74655,0.550818,0.2,-3.19759,-3.71047,44.7559
166,1.49096,0.713549,0.65842,0.647546,0.0987757,0.134529,-0.0433941,0.72568,0.789233,0.200041,0,0,0,0.74655,0.550818,0.2,-0.893437,-1.03825,12.5329
167,1.5,0.716535,0.66577,0.647186,0.0972663,0.150983,-0.0492085,0.725554,0.789277,0.2,1.02894e-24,-6.08968e-25,7.73059e-24,0.74655,0.550818,0.2,0,0,0
168,1.50904,0.719522,0.673119,0.646046,0.095646,0.167384,-0.0550813,0.725554,0.789277,0.2,2.11212,-1.25003,15.8649,0.746451,0.550939,0.200051,0,0,0
169,1.51807,0.72252,0.680462,0.644185,0.0939301,0.183371,-0.0605656,0.725554,0.789277,0.2,7.54706,-4.46657,56.6713,0.745762,0.551786,0.200409,0,0,0
170,1.52711,0.72555,0.687786,0.641766,0.0921476,0.198202,-0.0649298,0.725554,0.789277,0.2,14.9527,-8.84931,112.237,0.74389,0.554085,0.201381,0,0,0
171,1.53614,0.728641,0.695073,0.639006,0.090355,0.21095,-0.0673135,0.725554,0.789277,0.2,22.9769,-13.5979,172.38,0.740244,0.558562,0.203272,0,0,0
172,1.54518,0.731826,0.702305,0.636146,0.0886207,0.220734,-0.0669791,0.725554,0.789277,0.2,30.2675,-17.9121,226.918,0.734234,0.565943,0.206392,0,0,0
173,1.55422,0.735133,0.709465,0.6334,0.0869959,0.226904,-0.0634875,0.725554,0.789277,0.2,35.4725,-20.9915,265.668,0.725268,0.576953,0.211045,0,0,0
174,1.56325,0.738582,0.71654,0.63092,0.0854887,0.229174,-0.0567962,0.725554,0.789277,0.2,37.2557,-22.0399,278.537,0.712756,0.592319,0.217538,0,0,0
175,1.57229,0.742182,0.723527,0.628764,0.0840575,0.22765,-0.0472436,0.725554,0.789277,0.2,37.2079,-21.1776,272.568,0.696739,0.612423,0.22592,0,0,0
176,1.58133,0.745934,0.730428,0.626915,0.0826261,0.22263,-0.0353433,0.725554,0.789277,0.2,37.1078,-19.1899,259.585,0.679231,0.63657,0.235426,0,0,0
177,1.59036,0.749838,0.737251,0.625321,0.0811037,0.214406,-0.0215979,0.725554,0.789277,0.2,36.9777,-16.5513,242.579,0.662633,0.66386,0.245137,0,0,0
178,1.5994,0.753892,0.744006,0.623916,0.079398,0.20322,-0.00644367,0.725554,0.789277,0.2,36.8396,-13.7364,224.542,0.649342,0.693389,0.254132,0,0,0
179,1.60843,0.758097,0.750706,0.622629,0.0774226,0.189275,0.00975669,0.725554,0.789277,0.2,36.7157,-11.2196,208.464,0.641758,0.724257,0.261491,0,0,0
180,1.61747,0.762452,0.757359,0.621394,0.0751006,0.172755,0.0266978,0.725554,0.789277,0.2,36.6281,-9.47539,197.336,0.64228,0.755561,0.266293,0,0,0
181,1.62651,0.766957,0.763972,0.62017,0.0723676,0.153866,0.0440939,0.725554,0.789277,0.2,36.5777,-8.98052,194.238,0.653302,0.7864,0.26762,0,0,0
182,1.63554,0.77161,0.770548,0.618947,0.0691794,0.132912,0.0616261,0.725554,0.789277,0.2,35.6967,-10.0804,204.371,0.6758,0.816009,0.265033,0,0,0
183,1.64458,0.776408,0.777082,0.617765,0.0655305,0.110454,0.0788966,0.725554,0.789277,0.2,33.8343,-12.4096,225.903,0.707273,0.843965,0.259277,0,0,0
184,1.65361,0.781344,0.783565,0.616709,0.0614709,0.0873554,0.0953937,0.725554,0.789277,0.2,31.421,-15.4305,253.9,0.744698,0.869893,0.25127,0,0,0
185,1.66265,0.786408,0.789984,0.615889,0.0571167,0.0647138,0.110474,0.725554,0.789277,0.2,28.8871,-18.6061,283.434,0.785048,0.893419,0.241934,0,0,0
186,1.67169,0.79159,0.796328,0.615423,0.0526493,0.0437435,0.123379,0.725554,0.789277,0.2,26.663,-21.3989,309.574,0.825301,0.91417,0.232189,0,0,0
187,1.68072,0.796882,0.802585,0.615414,0.0482986,0.0256347,0.133283,0.725554,0.789277,0.2,25.1793,-23.2717,327.388,0.862432,0.931772,0.222955,0,0,0
188,1.68976,0.802277,0.808748,0.615931,0.0443062,0.0113848,0.139393,0.725554,0.789277,0.2,24.723,-23.6559,331.206,0.893427,0.945852,0.21515,0,0,0
189,1.6988,0.807772,0.814816,0.616979,0.0408708,0.00161399,0.141107,0.725554,0.789277,0.2,22.6972,-21.6937,304.251,0.91661,0.956332,0.209304,0,0,0
190,1.70783,0.813359,0.820797,0.618449,0.0380859,-0.0035701,0.138265,0.725554,0.789277,0.2,18.6723,-17.834,250.395,0.932899,0.963695,0.205197,0,0,0
191,1.71687,0.81902,0.826706,0.620131,0.0359136,-0.00457842,0.131237,0.725554,0.789277,0.2,13.5516,-12.9367,181.776,0.943511,0.968491,0.202521,0,0,0
192,1.7259,0.824737,0.832562,0.621752,0.0342077,-0.00224987,0.120849,0.725554,0.789277,0.2,8.23849,-7.86174,110.53,0.949661,0.971272,0.20097,0,0,0
193,1.73494,0.830488,0.838386,0.623029,0.0327685,0.00231624,0.108208,0.725554,0.789277,0.2,3.63641,-3.46911,48.7949,0.952567,0.972585,0.200237,0,0,0
194,1.74398,0.836256,0.844194,0.62372,0.0314091,0.00800732,0.094438,0.725554,0.789277,0.2,0.648744,-0.618758,8.7062,0.953446,0.972983,0.200015,0,0,0
195,1.75301,0.842027,0.849998,0.623668,0.0300092,0.0140101,0.0803603,0.725559,0.789281,0.200002,0,0,0,0.953506,0.97301,0.2,-0.249514,-0.215713,2.39726
196,1.76205,0.847795,0.855799,0.622851,0.0285319,0.0199128,0.0664144,0.725872,0.78956,0.200159,0,0,0,0.953506,0.97301,0.2,-3.59492,-3.10815,34.5275
197,1.77108,0.853547,0.861586,0.621393,0.0269863,0.0251261,0.0533145,0.727259,0.790795,0.20085,0,0,0,0.953506,0.97301,0.2,-9.79274,-8.4675,94.0154
198,1.78012,0.859258,0.867337,0.619527,0.0254142,0.0287691,0.0421761,0.730524,0.793702,0.202479,0,0,0,0.953506,0.97301,0.2,-17.5021,-15.1353,167.939
199,1.78916,0.864897,0.873026,0.617547,0.0238818,0.0299261,0.0342217,0.736473,0.798998,0.205446,0,0,0,0.953506,0.97301,0.2,-25.3821,-21.953,243.377
200,1.79819,0.870434,0.878626,0.615751,0.0224518,0.0278869,0.0304893,0.745911,0.807401,0.210152,0,0,0,0.953506,0.97301,0.2,-32.0919,-27.7621,307.408
201,1.80723,0.875841,0.884115,0.614394,0.0211487,0.0223017,0.0316178,0.759643,0.819626,0.217001,0,0,0,0.953506,0.97301,0.2,-36.2907,-31.4043,347.111
202,1.81627,0.881102,0.889477,0.613628,0.0199372,0.0132537,0.037713,0.778448,0.836366,0.226373,0,0,0,0.953506,0.97301,0.2,-37.0085,-32.1862,352.091
203,1.8253,0.886213,0.894708,0.613486,0.0187263,0.00123405,0.0483105,0.80218,0.857448,0.237967,0,0,0,0.953506,0.97301,0.2,-36.5835,-33.1986,337.162
204,1.83434,0.891175,0.899802,0.613912,0.0174,-0.013,0.0624849,0.829542,0.881618,0.250633,0,0,0,0.953506,0.97301,0.2,-35.8217,-34.9456,311.538
205,1.84337,0.895991,0.904754,0.614805,0.0158592,-0.0285803,0.0790477,0.859167,0.907558,0.263164,0,0,0,0.953506,0.97301,0.2,-34.8871,-37.0644,280.505
206,1.85241,0.900664,0.909554,0.616042,0.0140549,-0.0446477,0.0967341,0.889687,0.933949,0.274357,0,0,0,0.953506,0.97301,0.2,-33.944,-39.1924,249.353
207,1.86145,0.905199,0.914195,0.617499,0.0119999,-0.0604375,0.114359,0.919732,0.959471,0.283007,0,0,0,0.953506,0.97301,0.2,-33.1565,-40.9668,223.37
208,1.87048,0.909598,0.918668,0.619075,0.00976111,-0.0753347,0.130945,0.947936,0.982805,0.287909,0,0,0,0.953506,0.97301,0.2,-32.6887,-42.0247,207.846
209,1.87952,0.913863,0.922971,0.620708,0.00743689,-0.0889016,0.145824,0.972965,1.00267,0.287909,0,0,0,0.953506,0.97301,0.2,-32.5043,-42.1309,207.535
210,1.88855,0.917996,0.927103,0.622398,0.00512755,-0.100899,0.158668,0.994295,1.01865,0.283007,0,0,0,0.953506,0.97301,0.2,-31.6171,-41.857,220.842
211,1.89759,0.922001,0.931063,0.624193,0.00290872,-0.111301,0.169387,1.01221,1.03119,0.274357,0,0,0,0.953506,0.97301,0.2,-30.1255,-41.4025,243.117
212,1.90663,0.925883,0.934854,0.626184,0.000829147,-0.120211,0.178003,1.02704,1.04079,0.263164,0,0,0,0.953506,0.97301,0.2,-28.334,-40.8583,269.832
213,1.91566,0.929649,0.938479,0.628475,-0.00107861,-0.127767,0.184567,1.03909,1.04793,0.250633,0,0,0,0.953506,0.97301,0.2,-26.5476,-40.3156,296.461
214,1.9247,0.933306,0.941939,0.631172,-0.0027842,-0.134058,0.189083,1.0487,1.0531,0.237967,0,0,0,0.953506,0.97301,0.2,-25.0708,-39.8652,318.478
215,1.93373,0.936861,0.945236,0.634362,-0.00424667,-0.139061,0.191466,1.05617,1.05679,0.226373,0,0,0,0.953506,0.97301,0.2,-24.2084,-39.5982,331.354
216,1.94277,0.940317,0.948372,0.638092,-0.00540781,-0.142607,0.191511,1.06184,1.05946,0.217001,0,0,0,0.953506,0.97301,0.2,-23.5958,-38.7549,326.589
217,1.95181,0.943678,0.951352,0.642332,-0.00620793,-0.144458,0.188999,1.06596,1.06142,0.210152,0,0,0,0.953506,0.97301,0.2,-20.8503,-34.2709,289.262
218,1.96084,0.946954,0.954194,0.646936,-0.00663226,-0.144523,0.18394,1.0688,1.06276,0.205446,0,0,0,0.953506,0.97301,0.2,-16.4827,-27.1055,229.025
219,1.96988,0.950164,0.956926,0.651667,-0.00672587,-0.142943,0.176641,1.07059,1.0636,0.202479,0,0,0,0.953506,0.97301,0.2,-11.3615,-18.6904,158.043
220,1.97892,0.953328,0.959582,0.656243,-0.00658081,-0.140063,0.167643,1.07157,1.06407,0.20085,0,0,0,0.953506,0.97301,0.2,-6.35526,-10.4576,88.4784
221,1.98795,0.956465,0.962194,0.660389,-0.00630911,-0.136352,0.157596,1.07199,1.06426,0.200159,0,0,0,0.953506,0.97301,0.2,-2.33254,-3.839,32.4949
222,1.99699,0.959591,0.964788,0.663884,-0.00601014,-0.132269,0.147102,1.07209,1.06431,0.200002,0,0,0,0.953506,0.97301,0.2,-0.161868,-0.266454,2.25618
223,2.00602,0.962715,0.967378,0.666609,-0.0057422,-0.128114,0.136536,1.07209,1.06431,0.2,-0.751958,-0.520277,4.45362,0.953518,0.973018,0.200014,0,0,0
224,2.01506,0.965833,0.969965,0.668564,-0.00552251,-0.124008,0.126059,1.07209,1.06431,0.2,-4.34404,-3.00659,25.7064,0.953688,0.973136,0.20022,0,0,0
225,2.0241,0.968932,0.972539,0.669833,-0.00536174,-0.120103,0.115905,1.07209,1.06431,0.2,-10.2102,-7.06932,60.3588,0.954249,0.973529,0.200903,0,0,0
226,2.03313,0.971989,0.975083,0.670552,-0.00526813,-0.1166,0.106409,1.07209,1.06431,0.2,-17.582,-12.1789,103.813,0.955438,0.974359,0.202347,0,0,0
227,2.04217,0.974973,0.977576,0.670898,-0.00524248,-0.113687,0.0979432,1.07209,1.06431,0.2,-25.6913,-17.806,151.471,0.957489,0.975791,0.204839,0,0,0
228,2.0512,0.977852,0.979998,0.67106,-0.0052769,-0.111501,0.090854,1.07209,1.06431,0.2,-33.7698,-23.4209,198.734,0.960638,0.977989,0.208663,0,0,0
229,2.06024,0.980595,0.982323,0.67123,-0.00535656,-0.1101,0.0854163,1.07209,1.06431,0.2,-41.049,-28.4942,241.005,0.965119,0.981117,0.214107,0,0,0
230,2.06928,0.98317,0.984534,0.671576,-0.00546273,-0.109451,0.0818024,1.07209,1.06431,0.2,-46.7608,-32.4964,273.686,0.971167,0.98534,0.221454,0,0,0
231,2.07831,0.985556,0.986613,0.672229,-0.00557561,-0.109434,0.0800611,1.07209,1.06431,0.2,-50.1369,-34.898,292.178,0.979019,0.990822,0.230992,0,0,0
232,2.08735,0.98774,0.98855,0.673261,-0.00567616,-0.109858,0.0801064,1.07209,1.06431,0.2,-50.6584,-35.4311,293.094,0.988893,0.997716,0.242986,0,0,0
233,2.09639,0.989717,0.990343,0.674682,-0.00574656,-0.110476,0.0817023,1.07209,1.06431,0.2,-49.7979,-35.7163,283.365,1.00054,1.00585,0.257106,0,0,0
234,2.10542,0.991492,0.99199,0.676454,-0.0057687,-0.110995,0.0844396,1.07209,1.06431,0.2,-48.1402,-36.0991,266.752,1.01316,1.01467,0.272334,0,0,0
235,2.11446,0.993071,0.99349,0.678511,-0.00572271,-0.111093,0.0877706,1.07209,1.06431,0.2,-45.9328,-36.5417,245.477,1.02592,1.0236,0.28761,0,0,0
236,2.12349,0.994462,0.994841,0.680767,-0.00558698,-0.110448,0.0910657,1.07209,1.06431,0.2,-43.423,-37.0064,221.76,1.03801,1.03208,0.30188,0,0,0
237,2.13253,0.995676,0.99604,0.683128,-0.00534025,-0.108758,0.0936678,1.07209,1.06431,0.2,-40.8581,-37.4553,197.823,1.04858,1.03952,0.314084,0,0,0
238,2.14157,0.996723,0.997087,0.685496,-0.00496573,-0.105749,0.0949438,1.07209,1.06431,0.2,-38.4853,-37.8504,175.885,1.05682,1.04536,0.323165,0,0,0
239,2.1506,0.997613,0.997979,0.687785,-0.00445635,-0.101195,0.0943326,1.07209,1.06431,0.2,-36.552,-38.1541,158.17,1.0619,1.04903,0.328067,0,0,0
240,2.15964,0.998353,0.998715,0.689922,-0.00381985,-0.0949182,0.0913899,1.07209,1.06431,0.2,-35.3056,-38.3283,146.896,1.063,1.04994,0.327732,0,0,0
241,2.16867,0.998949,0.999295,0.691864,-0.00308239,-0.0868,0.0858329,1.07209,1.06431,0.2,-34.896,-38.2582,144.031,1.05927,1.04754,0.32111,0,0,0
242,2.17771,0.999402,0.999721,0.693596,-0.00229151,-0.0768245,0.0776082,1.07209,1.06431,0.2,-33.011,-35.9971,144.285,1.05069,1.04176,0.30843,0,0,0
243,2.18675,0.999723,1,0.695115,-0.00152033,-0.0652281,0.0670126,1.07209,1.06431,0.2,-29.038,-31.2561,144.713,1.0388,1.03361,0.292605,0,0,0
244,2.19578,0.999926,1.00015,0.696424,-0.000852399,-0.0525395,0.0546937,1.07209,1.06431,0.2,-23.5935,-24.7683,145.264,1.02536,1.02423,0.276883,0,0,0
245,2.20482,1.00003,1.00021,0.697526,-0.000354673,-0.0395122,0.0415574,1.07209,1.06431,0.2,-17.2939,-17.2667,145.886,1.01214,1.01478,0.264513,0,0,0
246,2.21386,1.00007,1.00019,0.698422,-5.52832e-05,-0.0270354,0.0286612,1.07209,1.06431,0.2,-10.7555,-9.48466,146.529,1.0009,1.00638,0.258744,0,0,0
247,2.22289,1.00006,1.00014,0.699115,6.51431e-05,-0.0160424,0.0171087,1.07209,1.06431,0.2,-4.59493,-2.15515,147.141,0.993394,1.00019,0.262825,0,0,0
248,2.23193,1.00004,1.00007,0.699607,6.56572e-05,-0.00741699,0.00794319,1.07209,1.06431,0.2,0.571477,3.98866,147.672,0.991395,0.997353,0.280005,0,0,0
249,2.24096,1.00001,1.00002,0.699902,2.26485e-05,-0.00190056,0.00204048,1.07209,1.06431,0.2,4.12725,8.21362,148.069,0.99666,0.999007,0.313533,0,0,0
